tid,averageScore,numOfRating,name
2730,4.13,185,Kenneth Elzinga
860968,3.9,135,David Kittlesen
383717,3.43,132,Lee Coppock
20749,2.51,117,Dave Metcalf
93190,3.1,107,Charlie Tolbert
2732,4.7,94,Mary Beck
1148891,4.13,90,Graeme Gerrans
6004,4.7,87,Dean Harman
2731,4.0,85,Peter Brunjes
50905,2.06,85,Linda Blum
2740,4.3,80,Dan Willingham
1173732,2.93,80,Leonard Mirman
200535,4.3,79,Edward Murphy
554737,4.51,78,Jonathan Haidt
295680,4.49,77,Robert Burnett
3327,3.35,76,John Bonvillian
306716,4.0,73,Chad Dodson
39099,3.0,70,Larry Sabato
166011,4.2,68,Richard Handler
372102,2.68,68,Mark Kopeny
1767474,3.0,67,Hoitung Leung
99390,3.5,65,David Waldner
319101,2.99,62,Charles Grisham
92651,2.66,61,Catherine Baritaud
497490,3.97,60,Matthew Hughey
221751,2.5,59,George Mentore
296858,3.65,59,Scott Deveaux
187551,1.68,57,William Saslaw
2745,2.86,56,Peter Waldman
2750,3.84,55,James Childress
46311,4.4,55,Louis Bloomfield
292996,4.45,55,Justin Holcomb
310876,4.39,55,Mitchell Green
4344,2.6,54,James Cohoon
419763,3.4,53,Kenneth Strazzeri
486321,4.3,53,Patrick Wilkie
8817,3.47,51,Michael Atchison
50108,2.68,51,Daria Giffen
188049,4.3,50,Tom Smith
269039,4.5,50,Brian Nosek
413751,2.7,50,Elizabeth Machunis-Masuoka
120939,4.48,49,John Maybee
385187,2.04,49,Donald Hunt
44006,1.55,48,Ted Chang
87914,2.8,47,Kevin Sullivan
270941,4.5,47,Paul Kershaw
455557,4.5,47,Aaron Bloomfield
2777,4.53,46,Robert Watkins
25938,3.4,46,Cedric Williams
264913,2.6,46,Stacie Pisano
80641,2.0,45,Maria Pospieszalska
111640,2.06,44,Christopher Milner
190598,1.57,44,Paul Fishbane
45331,4.5,43,Yuri Urbanovich
86612,4.6,43,Paul Freedman
216875,3.57,43,Majida Bargach
2813,2.46,42,Trinh Thuan
381130,4.2,42,Vikram Jaswal
226389,1.95,41,Robert Bryant
252156,4.45,41,Michael Skrutskie
506589,4.0,41,Mark Thomas
51492,3.08,40,Charlotte Patterson
88943,3.29,40,Harold Langsam
596909,4.0,40,Mike Wormington
48020,3.05,39,Thomas Horton
51490,3.8,39,David Hill
172717,3.17,39,Rae Blumberg
188037,2.4,39,Roy Wagner
255184,4.5,39,Barry Condron
529320,3.29,39,Reg Garrett
2741,4.9,38,Michael Levenson
52217,3.1,38,Lynn Sanders
104874,3.0,38,James Ceaser
128852,4.2,38,Heather Warren
187206,3.92,38,Joseph Kett
200532,3.29,38,Julian Bond
360134,2.83,38,Angeline Lillard
384126,3.47,38,Abdulaziz Sachedina
67018,2.7,37,Thomas Biggs
385827,3.46,37,Patricia Llewellyn
270944,3.9,36,Clare Kinney
523879,3.8,36,John Dobbins
2752,4.3,35,John Dillery
2802,3.91,35,Paul Kingston
49086,4.0,35,John Hawley
106323,4.73,35,Gary Gallagher
907388,4.8,35,Diana Morris
2724,4.2,34,Dennis Proffitt
15979,4.5,34,Timothy Wilson
79268,2.47,34,Paul Reynolds
191819,4.5,34,Jon Lendon
484061,4.3,34,Bob McConnell
528941,3.62,34,Bernard Fulgham
50558,3.5,33,Richard Sundberg
135196,3.5,33,Gordon Braden
187566,3.8,33,Gerard Alexander
347033,4.27,33,Jeffrey Holt
44385,3.16,32,Laurie Balfour
139083,4.13,32,John Owen
868059,1.22,32, Keenan
2808,3.79,31,D. Mark Whittle
90293,3.8,31,Richard Barnett
100516,3.32,31,Ted Homyk
387236,3.5,31,Paul Cantor
1335757,4.98,31,Keith Mastrion
2819,3.3,30,Michael Reed
72823,4.0,30,James Cargile
286979,3.3,30,Mark Elson
480570,4.0,30,William Pease
498832,2.87,30,Edwin Burton
581313,1.9,30,Jay Hirsh
690740,3.32,30,Bob Kemp
2820,4.03,29,Ruth Anderson
48022,4.4,29,Peter Norton
76276,4.67,29,Milton Adams
320400,4.3,29,David Evans
460501,4.03,29,Martien Halvorson-Taylor
3078,4.1,28,Philip Zelikow
15981,3.8,28,Gabriel Robins
50904,3.77,28,Charles Mathewes
67021,4.02,28,Walter Korte
153515,4.04,28,Robert Fatton
368714,3.5,28,Elizabeth Meyer
428066,4.0,28,Stephen MacKo
925821,4.0,28,Sandra Seidel
962157,2.0,28,Wayne-Roy Gayle
2793,2.87,27,Cassandra Fraser
104876,3.24,27,Paul Groner
183021,2.98,27,Paul Barolsky
295166,3.54,27,Kevin McCrimmon
445839,4.2,27,Bob Davis
479048,3.89,27,Federico Ciliberto
105683,3.85,26,Stephen Railton
129815,4.04,26,Jon Mikalson
385678,3.23,26,James Freeman
481815,4.7,26,John Nemec
597955,4.77,26,Richard Crozier
937174,3.77,26,Neeti Nair
983740,3.2,26,Nick Winter
174377,4.0,25,Wende Marshall
187555,4.42,25,Ronald Dimberg
246517,3.6,25,Len Schoppa
379121,2.6,25,John Mason
503112,4.3,25,Jim Galloway
1058192,4.28,25,Mark Sherriff
2747,4.29,24,Bob Emery
2763,4.65,24, Dobbins
8897,4.65,24,John Wheeler
15980,2.4,24,Mircea Stan
128854,4.3,24,Katharine Maus
130970,4.0,24,Jeff Hantman
134194,4.17,24,Michael Holt
277749,2.06,24,Sergio Conetti
377135,3.94,24,Jeff Rossman
484376,4.65,24,Helen Dunn
496737,3.5,24,Shigehiro Oishi
576251,2.5,24,Glenn McGarvey
976426,4.5,24,Mike Mohajeri
188039,2.4,23,Robert Geraci
188128,3.0,23,Tico Braun
191463,4.02,23,Michael Palmer
270351,3.59,23,Bruce Reynolds
330848,4.0,23,Michael Smith
466346,3.63,23,Brie Gertler
489559,2.78,23,Elizabeth Thompson
1038632,3.09,23,Melvin Rogers
1067137,2.33,23,Dan Spitzner
48024,3.16,22,Roberto Trigianni
74277,2.68,22,Stephen Thornton
81532,4.0,22,Michael Slon
190402,3.61,22,Herbert Tucker
289723,4.3,22,Scott Acton
304486,3.2,22, Schuker
364045,4.0,22,Muhammad Sawaie
379611,3.84,22,Gerald Haines
428055,4.11,22,Timothy Beatley
455559,2.77,22,John Dorning
585344,2.66,22,Daniel Lefkowitz
942827,3.6,22,Claire Cronmiller
6005,3.29,21,Thomas Walters
50857,2.8,21,Deborah Lawrence
85672,3.88,21,Robert Kelly
104880,4.6,21,Stephen Plaskon
309603,3.57,21,Brad Wilcox
542086,2.29,21,Gweneth West
550141,3.0,21,Elizabeth Schoyer
630310,3.86,21,Kelsey Johnson
783760,3.7,21,Marc Santugini
926574,4.45,21,Richard Rosenthal
992969,3.1,21,Allison Pugh
1120585,2.45,21,Jessica Otis
2801,3.4,20,George Cahen
3073,3.3,20,Paul Humphreys
44389,4.15,20,Allen Lynch
60176,4.23,20,James Hunter
112278,2.3,20,Blaine Norum
184891,2.9,20,Kay Neeley
331658,3.9,20,Adria Laviolette
378628,3.7,20,Sanda Iliescu
392062,4.28,20,Sheri Aggarwal
463308,3.38,20,Duane Osheim
788933,4.8,20,Stanley Stepanic
872467,3.9,20,Rebecca Stangl
991084,2.5,20,Vivian Thomson
2307217,5.0,20,Aaron Peeksmease
3076,3.79,19,Jeffrey Legro
75550,3.82,19,Thomas Baber
187558,3.7,19,Olivier Zunz
190405,3.45,19,Lotta Lofgren
239321,3.87,19,Matthew Affron
315822,2.66,19,Karen Parshall
318679,3.66,19,Brad Campbell
379563,4.39,19,Bob Jones
380665,4.6,19,Bradly Reed
388823,2.61,19,Michael Fowler
401163,3.68,19,Karen Schmidt
482589,4.53,19,Jane Crawford
509740,4.21,19,Karen Lang
624152,4.58,19,Douglas Fordham
707869,4.53,19,Tristan Bridges
782912,3.95,19,Monika Abramenko
1063889,4.32,19,Mary Erickson
1797604,4.3,19,Douglas Muir
2727,4.64,18,Gary Allinson
2774,3.64,18,Tc Scott
3212,3.03,18,Ellen Contini-Morava
6006,3.94,18,Barbara Spellman
37479,2.7,18,Fred Damon
46307,4.42,18,James Sofka
87938,4.56,18,David Herman
169957,4.83,18,John Arras
221750,2.17,18,Nicolas Sihle
272523,4.58,18,John Lach
337755,3.36,18,Allan Megill
379120,4.47,18,Gabriel Finder
379245,3.8,18,Gerald Fogarty
441962,4.7,18,Trenton Merricks
604021,2.5,18,Gladys Saunders
754181,4.53,18,Kurt Illig
806576,4.4,18,Tomomi Sato
943390,4.5,18,Todd Sechser
1765690,3.8,18,Fred Smyth
2826,3.94,17,Tom Hutchinson
37485,3.76,17,Victor Luftig
44316,2.8,17,Aniko Bodroghkozy
67020,4.29,17,Stephen Fuchs
68757,4.26,17,William McDonald
92648,2.97,17,Marja Kankaanrinta
174026,2.62,17,Jan Perkowski
221749,3.5,17,Pati Wattenmaker
221782,4.06,17,Stephen Cushman
300000,4.8,17,Louis Nelson
430338,3.59,17,Sam Turner
481751,2.62,17,Malcolm Bell
484065,3.88,17,Cammy Brothers
499870,3.5,17,Yao Wang
509860,4.5,17,Michael Smith
539072,4.6,17,Stephen White
567693,4.06,17,Alan Simmons
590464,3.88,17,Zoran Grujic
621365,2.97,17,Frederick Richardson
733862,4.82,17,Takehiko Kaminogo
900087,2.0,17,David Zirkle
903049,3.65,17,Eric Turkheimer
1181251,2.8,17,Gianluca Guadagni
1837809,3.0,17,Luther Tychonievich
45330,4.22,16, Halliday
46132,4.75,16,Cornelius Horgan
47293,2.19,16,Robert Stong
48757,4.44,16,Gregory Hays
56626,4.0,16,Maxim Engers
132921,4.19,16,Alon Confino
146510,3.75,16,Paxton Marshall
153179,3.09,16,Peter Beling
249218,1.8,16,Ira Herbst
375000,3.6,16,Elizabeth Fowler
385561,3.3,16,Loren Lomasky
391059,3.13,16,James Savage
539818,1.97,16,John James
857490,4.06,16,Gar Culbert
958471,2.78,16,Daria Snider
1586411,4.5,16,George Andrews
2078650,4.5,16,Christian Howard
2757,2.93,15,Larry Richards
2789,4.2,15,James Lark
7723,2.97,15,Mark White
39798,3.7,15,Harry Gamble
46306,3.43,15,Carol Mershon
60174,4.03,15,Thomas Kriete
60175,2.37,15,Jorge Secada
105684,2.73,15,Susan Mintz
131271,3.63,15,Peter Metcalf
135494,4.2,15,Eric Lott
385568,3.83,15,David Obrien
389224,3.87,15,Susan McKinnon
443635,4.17,15,Colin Bird
457326,4.53,15,Jack Brown
480565,3.83,15,Irena Lasiecka
484305,3.6,15,Jeff Olick
556760,4.37,15,Lilia Travisano
740919,2.5,15,Walter Jost
754356,4.4,15,Nick Hamblet
775326,3.77,15,James Landers
824599,3.8,15,James Coan
873908,4.27,15,Michael Hill
902742,2.7,15,Sylvia Chong
1258703,3.17,15,Brad Pasanek
1827005,3.1,15,Laura Serbulea
2785,4.46,14,William Quandt
67023,2.43,14,Michiko Wilson
99394,1.93,14,Garrick Louis
137250,2.04,14,Yacov Haimes
234374,3.43,14,Erik Midelfort
264682,4.07,14,Mike Lemaster
295179,3.11,14,Keicy Tolbert
298675,3.32,14,Sara Myers
325303,4.04,14,Allison Booth
352530,3.5,14,Larry Bouchard
388454,3.3,14,Lenard Berlanstein
390398,4.32,14,Brian Balogh
413551,3.57,14,Joe Miller
465671,3.5,14,Gustavo Pellón
470425,4.43,14,James Marshall
487537,4.68,14,Howard Singerman
517554,4.29,14,Peter Capuano
554067,3.8,14,Dale Copeland
560670,4.0,14,Ronald Williams
581377,3.5,14,Anne Ingram
624270,3.2,14,Emily Scida
710811,3.86,14,Ignacio Provencio
761184,2.5,14,Mehr Farooqi
832279,3.57,14,Karlin Luedtke
844446,4.5,14,Eric Finster
903303,4.57,14,Amori Mikami
926189,3.25,14,Elizabeth Arkush
966822,4.82,14,Karen Frazier
971093,4.4,14,Anastasia Dakouri-Hild
1052921,2.68,14,Sheila Crane
1103911,2.18,14,Clarke Hudson
1890316,1.6,14,Eduardo Socolovsky
2189562,4.3,14,Kevin Welch
8838,2.42,13,Larry Petit
9231,3.31,13,Gang Tao
32606,4.62,13,John Bean
37487,3.31,13,Daniel Ehnbom
68759,4.9,13,Julian Connolly
99239,4.12,13,Patricia Reagan
146406,4.8,13,Charles Sligh
188129,3.85,13,Stephen Arata
240602,2.9,13,John Knight
312989,2.88,13,Dominic Braun
343008,3.46,13,Thomas Bateman
355664,3.31,13,James Patterson
375009,4.27,13,David Morris
389909,3.62,13,Francesca Fiorani
391223,3.73,13,Irene Gomez
400157,3.96,13,Lorena Bociu
508686,4.42,13, McInnis
533736,4.85,13,Joseph Allen
536274,2.5,13,Maria Ines Lagos
595097,4.15,13,Gary Shiflet
601876,4.88,13,Michael Lewis
609967,3.27,13,Otto Friesen
611400,4.0,13,Charles Kromkowski
644738,4.46,13,Susan Fraiman
733134,3.88,13,Timothy Gianotti
740914,2.69,13,Chris Drupieksi
745506,2.5,13,Ron Michener
755909,1.38,13,Paula Caravati
895956,4.23,13,Nilanga Liyanage
905748,3.88,13,Calder Wishne
1024118,3.73,13,Turker Ozsari
1398163,2.5,13,Julia Spencer
2225119,2.5,13,Lisa Morkowchuk
51489,1.79,12,John Imbrie
110733,3.79,12,Peter Onuf
129602,4.29,12,Trey Maxham
181647,2.8,12,Alf Weaver
188044,4.79,12,Doug Grissom
295387,4.0,12,David Taylor
307103,2.8,12,Dorothy Wong
320423,3.29,12,Betty Sapir
358505,3.75,12,Malathi Veeraraghavan
367663,1.79,12,Norris Sookoo
373415,2.9,12,Andrei Rapinchuk
379736,4.79,12,Andrea Smith
392639,4.5,12,Ismar Volic
505913,4.58,12,Ran Zhao
517056,4.21,12,Robert Weikle
517149,2.54,12,Joe Poon
520410,2.67,12,Robert Dolan
537562,4.96,12,Margarita Nafpaktitis
567245,4.2,12,John Portmann
610415,3.3,12,Jennifer Wicke
611015,4.5,12,Cristina Ciudin
652587,4.63,12,Faith Harden
735015,1.46,12,Ciska Markwick-Kemper
753110,4.21,12,Charles McCurdy
811392,3.37,12,Joanne Van Der Woude
873104,4.0,12,Richa Rudola
891407,3.37,12,Simine Vazire
902702,2.25,12,Toshihiko Mukoyama
907531,2.5,12,Daniel Pryor
908104,4.5,12,George Gilliam
926542,3.63,12,Manuela Achilles
940162,2.79,12,Rachna Maheshwari
942823,2.58,12,Paul Adler
949423,4.21,12,Doug Jerolimov
965011,3.9,12,Gordon Cates
1119046,2.8,12,Laura Galloway
1125707,2.29,12,Margarita Munoz
1220444,2.96,12,Allison Anderson
2721,3.95,11,Pam Norris
2722,3.05,11,Pq Hung
2746,3.95,11,Lisa Reilly
53961,2.32,11,Johanna Drucker
75530,4.23,11,Scott Barker
106322,4.2,11,Grace Hale
111375,2.86,11,Hossein Haj-Hariri
134337,2.73,11,Travis Blalock
213625,2.36,11,Cynthia Gasman
239322,4.55,11,Stephanie Hopwood
243744,3.8,11,Akemi Ohira
273104,4.0,11,Slava Krushkal
273105,2.68,11,Peter Abramenko
296905,3.86,11, Glavey
326113,4.77,11,Margaret Mohrmann
335087,3.09,11,Robert Ribando
389160,3.7,11,Claire Lyu
399377,2.09,11,J.P. O'Connell
448799,3.14,11,Michele Claibourn
462142,4.5,11,Ricardo Padrón
470822,3.73,11,David Golumbia
498875,3.91,11,Karin Bonding
506308,2.68,11,Achilleas Pitsillides
507690,2.36,11,Sarah Corse
508347,3.59,11,Alev Erisir
509842,3.64,11,Fernando Opere
513322,3.5,11,Eve Danziger
527148,1.77,11,Jeannie Laplatney
534474,2.4,11,Volker Kaiser
536400,2.95,11,John Summers
555759,3.86,11,Mark Edmundson
559251,4.18,11,Nolan Wages
624284,4.55,11,Claudrena Harold
650740,3.14,11,Tony Baglioni
710350,4.5,11,Angeli Leal
723459,4.5,11,Caroline Janney
755573,3.14,11,Daniel Weir
759401,3.2,11,Randolph Pope
783517,4.5,11,Taylor Stoermer
801905,2.41,11,Richard Miksad
833576,3.7,11,Valerie Cooper
861757,3.59,11,Adam Trusner
875036,4.05,11,Alwin Jones
880626,3.8,11,David Germano
880883,4.1,11,Mrinalini Chakravorty
910875,3.91,11,John Froitzheim
961813,4.27,11,Westley Weimer
971923,3.73,11,Martin Keutel
1040174,2.45,11,Eugene Kolomeisky
1049277,3.05,11,Rosalyn Berne
1210761,3.5,11,Eric Ramirez-Weaver
1316634,3.27,11,Ezra Rashkow
1643632,1.0,11,Bellave Shivaram
2281321,1.2,11,Ann Reimers
2803,4.95,10,Steve Nock
7353,4.2,10,David Gies
54821,3.4,10,Robert Johnson
120932,3.8,10,Mike Gorman
126565,4.65,10,William Guilford
139093,4.05,10,Daniel Devereux
141728,4.8,10,Ramon Espino
165938,1.3,10,Donald Ramirez
165940,3.55,10,John Faulkner
229792,3.7,10,Helen Benet-Goodman
236060,3.35,10,Barbara MacCluer
255835,3.1,10,Yong Kim
276454,2.8,10,Deborah McDowell
285478,4.2,10,Krishan Kumar
295821,3.5,10, Roach
323335,3.85,10,William Wilkerson
362019,2.3,10,William Roberts
367497,3.45,10,Christopher Jackson
396255,3.95,10,Milton Vickerman
426647,4.55,10,Jill McCarthy
432024,3.3,10,John Echeverri-Gent
453367,3.7,10,Diana Burkhart
454442,3.8,10,Farzaneh Milani
455562,2.35,10,Simonetta Liuti
492529,4.85,10,Eunice Rojas
514304,3.85,10,Giorgio Carta
525073,3.85,10,James Lawson
528366,2.6,10,Loren Ludwig
540138,4.75,10, Lafleur
585347,4.25,10,Jesse Sabatini
601323,2.35,10,Carola Schenone
605107,3.9,10,James Groves
608986,4.0,10,Greg Humphreys
642210,3.8,10,Dmitriy Sonkin
651028,4.6,10,Joel Rini
673396,1.9,10,Rich Felker
748106,3.0,10,Marcia Pentz-Harris
752507,4.65,10,Megan Haury
759456,4.9,10,Katherine Heller
759531,2.7,10,Stefan Cieply
766288,4.3,10,Benjamin Cohen
787358,4.7,10,Lisa Woolfork
831622,4.0,10,Phillip Trella
916950,2.1,10,Ebony Patterson
918481,3.9,10,Susan Brewer
928679,4.85,10,Rachel Bruzzone
959263,3.25,10,Eric Furstenberg
976825,4.6,10,Pedro Rubio-Larrera
985530,3.35,10,Loizos Solomou
1091955,3.4,10,Sarah Betzer
1144865,4.6,10,Tim Emerick
1212407,4.7,10,Ajay Chandra
1214376,2.9,10,Abhi Shelat
1354008,2.3,10,Manuel Lerdau
1377597,3.1,10,Xiaochao Zheng
1448230,4.7,10,Ala Abdelbaki
1752012,2.2,10,Maksim Bychkov
1963210,4.3,10,Carter Doyle
2258201,4.7,10,Daniel Quinn
8898,3.72,9,Brad Brown
8925,3.67,9,George Overstreet
50168,4.83,9,Mako Koyama
120934,3.39,9,Lester Andrews
132868,4.72,9,Stacy Sinclair
137314,4.0,9,David Brogan
184409,5.0,9,Amy Wentworth
191049,2.94,9,William Jesser
247634,2.72,9,Kenneth Thompson
249598,4.06,9,Steve Plog
289426,3.56,9,Betsy Tucker
289658,4.83,9,Hilary Bart-Smith
373778,3.5,9,John Murphy
378815,4.94,9,Sunit Shah
387498,3.33,9,Rebecca Leonard
393710,4.44,9,Howard Epstein
396165,3.72,9,Aaron Phillips
405245,4.33,9,Larkin Murphy
433449,4.4,9,Cynthia Wall
435901,4.89,9,Tammy Bjelland
464719,4.72,9,Brian Kapp
468238,4.2,9,Tina Brashers
489758,3.0,9,Brian Smith
492516,3.94,9,Robert Allen
494882,4.44,9,Elizabeth Pettinaroli
502372,4.56,9,Rafael Galinanes
503218,3.06,9,Michael Timko
506140,1.72,9,Xiangjin Xu
507460,4.22,9,Ben Ray
524873,4.6,9,Michael Puri
529220,3.33,9,Daniel Toundykov
538054,4.56,9,Asher Biemann
541232,2.83,9,C. Brian Kelly
558883,3.22,9,Rachel Hess
559519,4.22,9,Talal Belrhiti
585831,4.1,9,Roberto Armengol
588861,2.94,9,Michael Hightower
591364,3.89,9,Sevil Baltali
630313,2.28,9,Salif Traore
665842,3.22,9,Jessica Abbate
695974,1.72,9, Neurock
728456,2.33,9,James Demas
744243,3.61,9,James Hughes
752020,4.39,9,Sean Borton
752159,2.89,9,Seung-Hun Lee
752295,4.89,9,Sara Scavongelli
756301,3.44,9,A Constandach
757679,2.78,9,Anselmo Canfora
786952,4.5,9,Keith Williams
830915,3.89,9,John Brown
885106,4.28,9,Reid Bailey
903308,4.17,9,Karliana Sakas
912565,4.5,9,Robert McEwen
917025,4.0,9,Rocco Devito
917321,3.17,9,Paul Ferrara
931544,4.94,9,Alison Caviness
938806,3.44,9,Jason Coats
973229,4.67,9,Paul Jones
995253,4.06,9,Andrea Press
995835,2.5,9,Paige Pullen
1007964,4.61,9,German De Patricio
1124910,4.7,9,Jerry Floro
1132557,4.5,9,Harold Mock
1144423,4.56,9,Clay Witt
1154417,4.1,9,Charlotte Matthews
1198456,2.61,9,Justin Storbeck
1202864,2.11,9,Tara Sanchez
1231509,4.56,9,Daniel Zimmerman
1321308,1.6,9,Jianhui Zhou
1442958,2.89,9,Cameron Mura
1445190,4.3,9,Deborah Boucoyannis
1645676,3.94,9,Joe Cutbirth
1766689,2.6,9,Jonah Schulhofer-Wohl
1902726,4.6,9,Mark Floryan
9232,3.13,8,Taylor Beard
45815,3.75,8,Tommy Guess
51494,2.13,8,Jackie Shin
188127,4.5,8,Sidney Milkis
190600,3.31,8,John Thacker
240589,4.19,8,Teresa Culver
252211,4.0,8,Peter Baker
276445,5.0,8,Karen Chase
296853,4.31,8,David Cosper
296900,2.8,8,Jessica Feldman
304959,2.63,8,Wu-Seng Lung
312979,3.19,8,Jeff Hollier
346729,4.5,8,Cynthia Hoehler-Fatton
351042,4.31,8,Jack Davidson
356507,2.44,8,Michael Menaker
386696,4.5,8,Cynthia Aron
387021,4.88,8,Zhihong Chen
391058,3.56,8,David Klein
392969,2.94,8,Zach Courser
395871,4.19,8,Diane Gigantino
401419,2.8,8,Joanne Cohoon
402758,4.31,8,Nathan Ragain
416986,4.75,8,Tony Woodman
425010,2.25,8,Bryan Phillips
477794,3.0,8,Olivier Pfister
478770,1.69,8,Gene-Tey Shin
481749,4.44,8,Tom Package
487498,4.75,8,Emily Gulick
488457,3.69,8,Amy Ogden
492436,3.44,8,Petra Reinke
498883,4.63,8,Gordon Stewart
505659,3.88,8,Bethany Blalock
518463,1.75,8,Kate Lebow
523432,4.19,8,David Haberly
525424,3.31,8,Paolo D'Odorico
528948,3.5,8,Marty Humphrey
536266,4.56,8,Donald Shaw
547860,4.44,8,Tomoko Marshall
558225,2.56,8,Fran Ula
559826,3.13,8,Talbot Brewer
565846,4.0,8,John Hurwitz
570857,3.13,8,Weiqiang Wang
571519,4.38,8,Jungwook Hong
574101,2.63,8,Laura Justice
585341,2.5,8,Amy Miller
594190,4.69,8,Fernando Tejedo
595654,2.8,8,Keith Kozminski
597017,4.56,8,Jenny Phillips
642813,3.69,8,B Owensby
650738,4.25,8,Ryan Nelson
659055,3.5,8,Andrew Anderson
669354,2.56,8,Margo Figgins
739246,4.25,8,Bruce Holsinger
740604,4.75,8,Chris James
757273,3.44,8,David Rifkind
763100,4.75,8,Danielle Carlotti-Smith
781341,3.25,8,Jamie Ferreira
781916,4.38,8,Stephen Silverstein
784160,5.0,8,Patricia Click
788553,2.25,8,K. Preston White
802971,2.56,8,Orisya L Mack
804510,1.31,8,Leonard Scott
848971,2.44,8,Timothy MacDonald
864436,3.25,8,Omer Shaukat
903306,4.63,8,Anne Stachura
906950,4.13,8,Kate Tamarkin
918776,4.94,8,Chris Forster
919678,3.75,8,Michael Bishop
932515,2.56,8,Ann Duncan
941034,2.81,8,Miguel Rivera
973221,3.4,8,Gustav Heldt
1025383,4.2,8,Rachel Geer
1043393,4.0,8,Diana Vaman
1046314,4.25,8,Evan Pivonka
1061063,1.25,8,Alexander Cohen
1063455,4.8,8,Claire Chantell
1120580,4.7,8,Kate Neff
1145274,3.5,8,Archie Holmes
1186044,4.19,8,Ahmad Obiedat
1221115,4.81,8,Christopher Neu
1309230,4.25,8,Aaron Evans
1328592,4.0,8,Joshua Schwartz
1359734,4.13,8,Galen Barry
1381480,4.7,8,John Parker
1458563,4.5,8,Peter Gray
1513636,4.8,8,Laura Goldblatt
1629925,4.7,8,Sherri Moore
1669782,3.6,8,Claire Raymond
1709688,3.5,8,Peter Furia
1848184,4.8,8,Matthew Street
1856524,5.0,8,Christine Connelly
1976369,2.0,8,Gretchen  Martinet
2739,4.0,7,Richard Scott
6727,2.57,7,Richard Demong
7354,3.93,7,Alison Weber
9233,4.29,7, Fitz-Gerald
25448,3.5,7,Michael Gerli
37481,4.29,7,Hanan Sabea
48111,3.79,7,Joanne Dugan
118478,3.43,7,Stacie Pettyjohn
160833,3.43,7,George Klosko
192286,4.79,7,Bob Covert
239461,3.93,7,Shamira Gelbman
240613,3.64,7,Tarek Abdelzaher
266265,4.43,7,Christine Zunz
270998,3.71,7,Christopher Lecuyer
328804,4.0,7,Masashi Kawasaki
337760,4.86,7,Jason Nabi
341088,4.79,7,Chad Shorter
377158,4.29,7,Dell Upton
379330,4.71,7,Kevin Everson
381446,4.79,7,Amy Kniss
391062,4.57,7,Andrew Douglas
404655,3.07,7,Paul Fendley
405763,2.93,7,Jayani Jayawardhana
415378,4.86,7,Ana Cornide
456104,1.5,7,Cavit Hafizoglu
475875,4.57,7,Robyn Mallett
479424,4.36,7,John Dearth
488846,4.29,7,Michael Smith
498887,2.43,7,James Howland
502000,2.71,7,Scott French
503227,4.21,7,Maggie Simon
510026,3.5,7,Brian Parshall
521899,4.93,7,Juan Carlos Bisso
523446,4.29,7,Alicia Lopez Opere
525435,4.29,7,Gregory Black
525681,4.07,7,Zjaleh Hajibashi
529301,2.64,7,Gregory Colomb
536209,4.3,7,Cedar Reiner
541507,3.64,7,Sarah Skrainka
541728,4.0,7,Augustine Thompson
545033,3.14,7,Benjamin Bennet
556561,4.21,7,Dan Conkle
567391,2.14,7,Ralph Minehart
597113,4.86,7,Maya Jasanoff
598909,4.0,7,Greg Arone
603565,4.21,7,Diane Whaley
612134,4.64,7,Mary Simonson
614271,3.14,7,"Margaret ""Maggie"" Pecora-Jewett"
631740,1.36,7,Despina Louca
634184,4.8,7,Alan Rasmussen
651853,2.43,7,Daniel Kinney
671020,4.36,7,Ellen Fuller
682278,4.5,7,Dean Dass
688044,4.71,7,Amy Nichols-Belo
745643,4.36,7,Melvin Butler
749750,3.64,7,Selena Cozart
750164,3.93,7,Sabri Ates
756308,4.3,7,Victoria Olwell
759579,4.43,7,Alex Gil
766882,3.43,7,Avik Ghosh
773043,2.79,7,Deforest Mellon
807952,4.0,7,Katherine Karr
824808,2.43,7,Olexsandr Zhylyevskyy
833098,4.21,7,Deianeira Zukowski
838909,2.43,7,Meg Gardiner
874575,3.79,7,Aranzazu Ascunce
900868,4.14,7,Ellen Zhang
912229,4.79,7,Laura Heins
912990,4.57,7,Tunde Jakab
916486,3.36,7,Deborah Johnson
928659,3.07,7,Roger Chevalier
951963,4.43,7,Omima El Araby
952370,3.64,7,Nicholas Rubin
959893,4.43,7,Shu-Chen Chen
983684,3.86,7,Janet Herman
1041907,4.7,7,Griffith Chaussee
1051751,3.14,7,Christian Hommel
1053138,4.9,7,Mikhail Ershov
1082763,3.79,7,Tim McCallister
1114462,4.4,7,Kevin Hart
1124993,4.3,7,Kristin Gilger
1166057,4.36,7,Michael Engle
1191559,4.2,7,Gregory Propp
1194493,3.64,7,Jennifer Burns
1205800,4.0,7,Li Zhi Yun
1211659,2.93,7,Rebecca Perederin
1229107,3.0,7,James Harrigan
1229975,4.57,7,Jason Chruma
1325641,4.29,7,Roscoe Scarborough
1328596,3.21,7,Sean Clark
1333189,3.14,7,Zachary Bradshaw
1346822,2.93,7,Marie Kuntzmann
1367940,2.7,7,Simone Polillo
1499712,2.29,7,Anuj Kapoor
1750922,3.0,7,Susan Donohue
1751590,1.4,7,John Hulburt
1777748,5.0,7,Celeste Lipkes
1877880,4.14,7,Xiaohui Huang
2751,3.42,6,Denise Newman
6003,4.58,6,Brooks Pate
7720,4.08,6,Robert Webb
27031,4.75,6,David Mills
49089,4.08,6,William Wilson
50856,3.83,6,Jose Fuentes
67016,3.0,6,Thomas Best
84470,5.0,6,Jacqueline Couti
137055,2.75,6,Donald Brown
147545,4.33,6,Matthew Burtner
172579,3.67,6,Corey Walker
188046,4.92,6,Sophia Rosenfeld
237109,3.5,6,Sarah Turner
246516,2.42,6,Ellen Bass
269560,3.4,6,Douglas Taylor
281185,2.5,6,Ulrike Wilson
312701,2.83,6,Richard Herskovitz
323334,4.08,6,Roseanne Ford
329403,2.25,6,John Stagg
340728,3.83,6,Amanda Jones
340877,5.0,6,Scott Matthews
386680,4.25,6,Arista Cirtautus
387493,4.92,6,Laura Martini
388972,4.92,6,David Phillips
454261,2.08,6,Ding Feng
465614,2.92,6,Reba Childress
467899,2.08,6,Mike Genovese
483920,4.75,6,Harry Strang
484590,2.5,6,Erich Nunn
485682,3.67,6,John O'Brien
485683,3.33,6,John Sullivan
486191,4.75,6,Emmy Smith
489603,4.0,6,Kai-Uwe Bux
493022,3.5,6,Hl Seneviratne
503107,4.75,6,Marva Barnett
505057,2.67,6,Janette Martin
508661,3.25,6,Rosemary Millar
512721,3.33,6,Robert Wilken
513316,3.75,6,Lise Dobrin
517612,4.5,6,Peter Kline
518612,5.0,6,Hunter Rawlings
521648,4.0,6,Patrice Ludwig
524131,4.92,6,Dijana Jakelic
534475,3.25,6,Jeanette Hudson
539184,4.75,6,Dickon Reppucci
546727,3.33,6,Deborah Parker
560460,4.25,6,Pensri Ho
560665,3.25,6,Bryan Pfaffenberger
583189,1.9,6,Matthew Meyer
590307,1.92,6,Brad Cox
594517,2.83,6,Eric Young
594598,4.5,6,Roger Martin
597370,2.17,6,David Green
600190,2.42,6,Bill Walker
607978,3.67,6,David Kovacs
628102,4.17,6,Ronda Chollock
631738,4.08,6,Michael Meere
637965,3.92,6,Dean Nieusma
638421,4.0,6,Matthew Zugsay
651440,4.42,6,Enrico Cesaretti
651459,3.17,6,Jim Cocola
655372,3.67,6,David Hasler
657878,4.42,6,Robert Grainger
673420,4.75,6,Alison Atkins
684705,4.25,6,Ray Malewitz
733694,2.92,6,Raymond Nelson
743440,4.42,6,Edward Berger
746572,3.33,6,Herman Schwartz
750272,3.5,6,Inger Daniels
751999,4.42,6,Nicholas Shangler
759429,4.5,6,William Quirk
772100,4.83,6,Allison Elias
787435,4.08,6,Antonia Lolordo
799784,4.58,6,Jack Lindgren
806321,4.42,6,Fatima Fajardo
825207,4.9,6,Marcy Linton
825600,2.5,6,Ayca Boylu
830634,3.5,6,Gabriel Laufer
831552,2.8,6,John Shepherd
840315,4.3,6,Christina Simko
849008,3.83,6,Megan Marlatt
855009,4.83,6,Carmenita Higginbotham
866729,4.33,6,Denise Walsh
867827,4.92,6,Steve Whitaker
869096,2.83,6,Michelle Co
882378,3.58,6,Ted Coffey
885073,3.83,6,Miao-Fen Tseng
888568,4.75,6,Justin Carreker
900396,2.92,6,Eglantine Morvant
903309,4.92,6,Natalie McManus
911559,4.83,6,Diarapha Diallo-Gibert
912607,3.08,6,Alex Holland
913451,4.25,6,Nicholas Snead
914115,4.67,6,Corey Drieth
915988,5.0,6,Tyler Jo Smith
918272,5.0,6,Charles Shreve
921187,4.33,6,Rina Farber-Mazor
943393,3.42,6,Lei Zhao
946546,4.17,6,Benton Calhoun
949683,4.33,6,Ashley Faulkner
958994,1.83,6,Hernan J. Moscoso Boedo
968327,4.58,6,Roquinaldo Ferreira
977227,2.0,6,Craig Dukes
985266,4.17,6,Robert Bateman
998638,4.42,6,John Kirchgessner
1000669,4.92,6,David Mims
1009549,3.25,6,Jing Zhang
1015491,4.33,6,Oyku Unal
1018534,3.92,6,Sue Ann McCarty
1024107,2.67,6,Jason McCarty
1034886,4.08,6,Dukpa Kim
1041901,2.4,6,Richard Cohen
1048275,4.08,6,William Johnson
1055455,4.92,6,Jon Shoup-Mendizabal
1060923,3.58,6,Nina Barzachka
1076277,2.67,6,Jongsoo Yoon
1084132,4.17,6,Rachel Most
1093607,4.3,6,Vesla Weaver
1101741,4.08,6,Sang Son
1103907,3.42,6,Gihoon Hong
1112519,3.25,6,Siva Vaidhyanathan
1171142,4.42,6,Albert Altarovici
1229123,4.75,6,Ben Jasnow
1232957,3.83,6,W. Bernard Carlson
1238559,3.83,6,Luke Wright
1245444,3.17,6,Erin Kathleen Rowe
1270796,2.0,6,Michael Shirts
1302497,4.92,6,Carolyn Yarnall
1333101,3.83,6,Matthew Zaremsky
1343606,4.83,6,Adam Harr
1354143,4.92,6,Rebecca Strauss
1360196,4.8,6,Richard Floyd
1414285,3.5,6,Jalane Schmidt
1452104,4.0,6,Paula Di Dio
1458154,4.3,6,Stephen Levine
1493731,5.0,6,Gavin Garner
1496124,3.58,6,Bob Swap
1511439,4.7,6,Melissa Frost
1516563,2.17,6,Matt Hogancamp
1558382,4.8,6,Matt Hedstrom
1589170,1.9,6,Worthy Martin
1648168,2.5,6,Joshua Campbell
1747604,1.75,6,Richard Schragger
1812984,5.0,6,Elizabeth Fox
1844321,4.0,6,Britta Rowe
1868865,2.8,6,Alyssa Pheobus Mumtaz
1899618,3.6,6,Bulent Tosun
1927497,5.0,6,Anthony Pasero-O'Malley
1929062,3.6,6,Rajinder Mavi
1944813,4.8,6,China Scherz
2006533,3.8,6,Devin Donovan
2274056,3.2,6,Katie McDermott
92568,5.0,5,Andrea Bobotis
135071,2.7,5,Cannon Thomas
152675,4.9,5,Stephanie Van Hover
169689,3.3,5,John Bugbee
171890,4.4,5,Susan Burns
183027,4.1,5,Yunsheng Huang
193518,3.2,5,Neil Snyder
274774,1.1,5,Sam Fisher
279945,5.0,5,Don Jordan
286249,4.2,5,Lauren Winner
289809,4.5,5,Dariusz Tolczyk
296032,4.3,5,Chongchun Zeng
309608,5.0,5,Martin Sheehan
312699,4.0,5,Nitin Govil
313794,4.3,5,Rick Brigham
320616,4.4,5,Sean Agnew
325933,3.9,5,Carmen Armero
331551,3.7,5,Chris Krentz
358992,5.0,5,Richard Warner
371975,2.9,5,Klaus Ley
372772,3.7,5,Andrew Grimshaw
383071,4.1,5,John Frick
383553,4.3,5,Lorraine Schuyler
384922,4.1,5,Caroline Rody
387495,4.5,5,Amy Sentell
393650,4.3,5,Ilka Kressner
410055,3.8,5,Timothy Salthouse
420101,2.4,5,Everett Crosby
435156,1.6,5,Edward Botchwey
436720,4.0,5,Kurt Hohenstein
458724,3.3,5,Judy Sands
481272,3.5,5,Hoyt Duggan
483101,4.2,5,Irina Mitrea
486199,4.5,5,Sarah Whitney
486246,3.4,5,Eric Reed
493071,2.1,5,Garrick Loius
498612,4.8,5,Jane Larson
500151,3.7,5,Alla Aksel
502383,3.9,5,Margaret Odahowski
502491,4.1,5,Dorothe Bach
504739,3.7,5,Virginia Talley
505205,3.3,5,Wes Cramer
506098,4.5,5,Sarah Azaransky
506802,3.5,5,Mary McKinley
511302,3.9,5,Wesley King
514309,4.1,5,Jennifer Tsien
514951,4.8,5,Christopher Broom
515973,4.2,5,Ruth Hill
523082,3.2,5,Daniel Heins
523889,2.9,5,Andrea Sarate
536779,3.8,5,Inhan Kim
538148,4.0,5,William Carter
539090,5.0,5,J. Paul Hunter
555604,3.7,5,Mike Rosensky
559201,3.8,5,Richard Guy Wilson
576033,4.1,5,Eric Van Wincoop
582254,4.5,5,Ann Lane
584409,4.8,5,Emily Blanchard
586493,4.6,5,Timothy Naftali
588868,4.7,5,Dana Elzey
588896,4.2,5,Robert Rood
595650,4.7,5,Cheryl Krueger
598383,4.9,5,Jon Sirko
600584,4.2,5,Clare Terni
606489,1.2,5,Brian Park
608094,4.1,5,Ira Bashkow
621191,3.5,5,Donna Gutman
623646,3.8,5,Kevin Parks
626305,4.9,5,Jura Liaukonyte
648190,3.7,5,Emily Drake
656095,4.4,5,Elizabeth Alexander
664891,4.2,5,Kathy Thornton
674134,3.2,5,Deborah Heckert
715299,3.8,5,Andy Kaufman
733695,3.5,5,Richard McGuire
733831,3.9,5,Christopher Einolf
735852,2.7,5,Ekaterina Makarova
748171,4.0,5,George Sampson
750883,4.6,5,Fran Connor
751318,4.7,5,Catherine Malone
752914,4.4,5,Mike Sisskin
754602,4.6,5,Cora Schenberg
756294,3.9,5,Emily Porter
756302,2.0,5,Samara Landers
760469,3.4,5,Gary Ballinger
763574,3.5,5,Karen Kevorkian
765878,4.4,5,William Thurneck
766743,4.8,5,Ryan Stinnett
767009,3.2,5,Shawn Lyons
778159,3.2,5,Marco Cagetti
784219,4.1,5,Lloyd Barrett
786963,4.9,5,Rebecca Schmitz
787594,3.1,5,Shushanik Hakobyan
787946,3.3,5,Adam Hyde
787948,3.8,5,Roman Krzysztofowicz
796534,4.5,5,Autumn Shiley
824951,3.4,5,Marlon Ross
838908,3.3,5,Charles Tanksley
868378,4.1,5,Sujin Suwanna
875811,4.8,5,Silvia Dupont
900093,3.7,5,Kurtis Schaeffer
904941,4.2,5,Karen Jansen
909314,4.4,5,Emily Davis
909325,4.6,5,Rick Steeves
913748,5.0,5,Ryan Cordell
916499,4.2,5,Alison Dewald
920423,4.7,5,Richard Gibson
928965,3.0,5,Steven Stern
932215,3.5,5,James Loeffler
933091,3.0,5,Josipa Roksa
934466,4.9,5,Rich Nelson
938514,4.9,5,Dave Morris
941401,5.0,5,Sarah Cox Campbell
955668,3.3,5,Totrakool Khongsap
971174,3.6,5,Rita Felski
975618,4.0,5,Robert Kolker
976878,4.2,5,Shaun Cullen
998270,2.7,5,Sam Nicholson
1020318,4.5,5,Shitao Liu
1045472,2.2,5,Joanna Curran
1049477,3.9,5,William Shobe
1068202,2.3,5,Carolyn Tate
1073992,3.5,5,Marek-Jerzy Pindera
1080917,2.3,5,Carl Scott
1097646,3.5,5,Mary Anne Andrei
1104192,3.0,5,Rosa Sanchez
1117995,4.6,5,Haiming Yan
1121668,4.9,5,John Setear
1129622,4.0,5,Henry Wilbur
1135415,4.1,5,Katie Quertermous
1160542,2.7,5,Chad Wellmon
1167469,4.6,5,Tara Tober
1170618,1.7,5,Bonnie Gordon
1208572,4.8,5,Brigitte Kovacevich
1221243,3.1,5,Sarah Ingle
1230296,4.6,5,Edith Nally
1268782,3.8,5,Bonnie Hagerman
1278423,3.4,5,Alan Howard
1280343,4.9,5,Cara Lewis
1284773,4.8,5,Kathy Haugh
1293108,4.1,5,John (jack) Pribram
1297588,5.0,5,Walter Hunter
1351281,3.0,5,Carrie Douglass
1374700,5.0,5,Alex Grubbs
1384002,4.6,5,Daniel Remine
1396746,4.2,5,Glenn Kessler
1398013,1.2,5,Radu Dascaliuc
1412024,3.8,5,Yarimar Bonilla
1443572,4.8,5,Andrew Stauffer
1452032,2.9,5,Dusan Curcic
1490552,4.3,5,Cynthia Fraser
1531091,4.9,5,Philip Graber
1534575,2.8,5,Phil Geib
1541620,2.3,5,Sue He
1550111,4.9,5,William Little
1552942,4.7,5,Cori Field
1573152,4.1,5,James Morris
1579426,3.8,5,Ahmad Al-Rahim
1623711,2.7,5,Stephen Wilson
1648171,2.5,5,Bruce Williams
1690356,3.0,5,Abdelmalek Abdesselam
1691847,5.0,5,Hamid Tavakolian
1719385,3.2,5,Susie Kim
1786651,4.2,5,Carrie Bramlet
1854132,4.2,5,Elizabeth Varon
1893776,4.3,5,Ana Escalante
1908473,3.8,5,Jap-Nanak Makkar
1928702,3.5,5,Robert Kemp
1961358,3.1,5,Fotini Kondyli
1962677,5.0,5,Hui Ma
1967795,4.1,5,Julianna White
1978484,4.8,5,Erik Linstrum
2256241,3.6,5,Jessamyn Manson
2326811,4.8,5,Derrick Stone
2370441,1.4,5,Rose Buckelew
6759,3.88,4,Robert Chapel
38506,4.88,4,Nitin Singh
45334,4.63,4,Richard Will
70026,5.0,4,John Miller
75552,5.0,4,Jose Gomez
180117,4.5,4,Kent Germany
239319,4.13,4,Cara Welch
265783,4.38,4,Sarah Farrell
266566,1.0,4,Michael Bednar
266832,5.0,4,Jeanine Skorinko
280288,4.75,4,Kiev Blasier
296264,3.75,4,Joanna Vondrasek
296906,4.75,4, Nash
298088,2.63,4,Andrea Jennings
300169,4.75,4,R. Lee Kennedy
342132,4.88,4,Robert Jackson
378492,4.75,4,Bruce Sofinski
384514,4.5,4,David Maloney
388967,3.88,4,Nisha Botchwey
391060,4.38,4,Jessica Steiner
415381,4.5,4,Charles Holt
415384,4.38,4,John McLaren
421225,3.0,4,Jad Donohoe
450775,3.88,4,Bethany Bryson
477464,2.75,4,David Smith
481824,4.13,4,Athannasios Vergados
484457,3.5,4,Nicole Cober-Lake
487041,2.63,4,Sarah Simmons
497788,4.25,4,Jason Johnson
499434,4.75,4,Peter Henry
502388,4.75,4,Massimo Guidolin
524399,3.5,4,Houston Wood
529181,3.75,4,Brian Glover
529307,5.0,4,David Smith
529311,2.25,4,Joseph Zieman
529324,3.88,4,Jeffery Wimsatt
537585,3.38,4,Maria Mihova
540373,4.25,4,Oliver Trindle
553983,4.75,4,John Baltes
588677,5.0,4,Judith Kovacs
590865,4.25,4,Yibin Zheng
596514,3.25,4,Donald Black
597293,4.63,4,Sanjay Jain
606221,4.75,4,Lindsay Wright
607045,4.13,4,Jackie Brinton
624267,3.25,4,Pam Cochran
630857,3.0,4,Nancy Weinfield
636771,3.88,4,Carol Abernathy
651375,4.88,4,Ted Iwasaki
673428,4.63,4,Marianne Kubik
734922,4.75,4,Fred Maus
737410,2.63,4,Patrik Sandas
739248,3.38,4,James Nohrnberg
744615,4.13,4,Alana Bibeau
747300,4.13,4,Janis Antonovics
748416,3.0,4,Deandra Little
752014,4.75,4,Katharine Ott
759277,4.75,4,Michael Rasbury
759697,5.0,4,Allison McCue
777997,4.25,4,Ginger Davis
790071,2.63,4,Matthew Begley
796532,4.38,4,Alex Varnon / Holland
800272,4.75,4,Sherri Burke
815491,4.13,4,Bill Kehoe
815494,2.88,4,Jeremy Marcel
824928,3.5,4,Hank Shugart
829618,4.25,4,Richard Kent
830344,4.9,4,Peter Sheras
830920,4.13,4,Cynthia Hoeler-Fatton
831736,3.75,4,Adelaide King
834149,4.63,4,Alan Cox
837954,3.63,4,Dick Howard
841619,2.63,4,J Frank Papovich
846734,4.8,4,Leonid Zhigilei
849167,4.38,4,Alison Levine
856562,3.88,4,Malcom Lathan
882097,4.75,4,Howard Pickett
903289,4.63,4,Kate Brennan
912613,2.63,4,Kent Wayland
914985,4.25,4,Evan Rhodes
917032,2.63,4,Victor Celli
926314,2.6,4,John Stankovic
926948,4.25,4,Carlos Fagundo
928522,4.38,4,Mark Aronson
928545,4.88,4,Kevin Doyle
928852,2.9,4,Edgar Olsen
930567,3.63,4,Alexander Newell
932518,3.63,4,Drew Kurlowski
935085,3.63,4,Daniel Potter
941921,3.38,4,Edmund Russell
942378,3.63,4,Amalia Miller
943387,3.38,4,Evan Keeling
945398,3.63,4,Ray Keller
954717,3.13,4,Eric Taubel
963796,4.5,4,Stefan Awad
972147,3.88,4,Kathryn Laughon
988384,4.5,4,Rebecca Rosenbaum
994476,2.38,4,Jane Boatner
997513,2.75,4,Heather Wathington
1014238,1.38,4,Stuart Wolf
1024534,4.3,4,James Smith
1039722,3.63,4,Calvin Burton
1041900,2.88,4,Coulter George
1046469,4.5,4,Erin Kerfoot
1050546,4.0,4,Patrick Griffin
1054908,4.88,4,Paula Sato
1068592,4.75,4,John Corlette
1070339,4.38,4,Dan McDowell
1071009,4.88,4,Alessandro Cesarano
1082658,4.25,4,Anna Brickhouse
1112103,4.75,4,Paul Belonick
1113337,2.0,4,Benjamin Wells
1119315,3.75,4,Jeff Aaron
1119319,4.88,4,Harriet Livesay
1120295,5.0,4,Lisa Spaar
1131208,1.88,4,Minjung Kim
1139590,5.0,4,Elizabeth Denton
1163108,3.38,4,Matt Norton
1163586,4.7,4,Bradford Bennett
1177665,3.75,4,Pilar Guitart
1190009,5.0,4,Adriana Campbell
1213636,5.0,4,Stewart Braun
1245126,4.75,4,Phillip Geiger
1273591,3.25,4,Katherine Gerber
1281250,5.0,4,Armin Mattes
1293916,3.4,4,Amy Chan
1309244,3.75,4,Craig Sarazin
1322013,2.38,4,Timothy Pollio
1370505,3.75,4,Pavel Shlossberg
1384148,4.8,4,Will Rhodes
1391869,4.0,4,Katia Sherman
1396828,4.38,4,Charles Rathkopf
1403969,3.5,4,Thomas Mark
1447500,3.75,4,Jesse Newton
1477597,4.5,4,Stephanie Demperio
1485667,4.88,4,Elizabeth Sutherland
1487600,1.75,4,Stephen Bruestle
1511514,4.5,4,Callum Ingram
1550597,3.5,4,Nicholas Kuhn
1562674,4.63,4,Jeremy Townley
1567455,3.0,4,Maite Brandt Pearce
1600669,4.0,4,Karenne Wood
1619321,5.0,4,Keegan Callanan
1628139,2.0,4,Michael Suarez
1643532,4.13,4,Ileana Baird
1652704,4.88,4,Zvi Gilboa
1655511,2.0,4,Kevin Lehmann
1663831,3.25,4,Ignacio Martinez
1665254,3.25,4,Charlotte Tidrick
1665819,5.0,4,Jessie Labadie
1687760,4.75,4,Marie Ostby
1701280,4.9,4,Karl Shuve
1709476,4.88,4,Teresa Lee
1715537,2.0,4,Diane Szaflarski
1744811,3.5,4,Suzie McCarthy
1755007,4.88,4,Leslie Cintron
1777551,3.88,4,Marie Bernes Cabanne
1778426,5.0,4,Michael Poznansky
1782459,4.75,4,Bilal Maanaki
1792301,4.63,4,Nathaniel Pappas
1794527,4.2,4,Jesse Bordwin
1802856,4.75,4,Audrey Golden
1854426,4.1,4,Maria Esther Poveda Moreno
1880033,1.0,4,Bradley Weaver
1882722,2.88,4,John Campbell
1895204,5.0,4,Emily Ogden
1895512,5.0,4,Yong Ming Woo
1941088,3.9,4,Karim Chalak
1949005,5.0,4,Ann Mazur
1959311,1.0,4,Gertrude  Fraser
2088697,1.5,4,Lindsay Wheeler
2109076,5.0,4,Ross Cameron
2278285,2.0,4,Mahshad Mohit
2294009,5.0,4,Stephen Turner
2301989,2.7,4,Qureshi Asma
2800,4.67,3,John Maciuika
7722,2.17,3,Paul Walker
89899,3.67,3,Kate Hallahan
97740,1.33,3,Kenneth Nelson
117002,4.83,3,Martha Snell
129834,4.83,3,Jonathan Flatley
165931,4.67,3,Nathalie Charron
167719,3.67,3,Ingrid Townsend
193521,1.83,3,Elias Awad
258209,3.33,3,George Hornberger
266834,5.0,3,Mandy Hege
293501,5.0,3,Paul Begin
296411,4.17,3,Sidney Hecht
296913,3.3,3,Jon D'Errico
349119,3.83,3,Jeff Bary
390404,4.17,3,Bethany Teachman
390409,4.67,3,Jerry Short
391054,4.83,3,Ben Mitchell
392223,4.5,3,Eric Maslen
409827,4.0,3,Steven Rhoads
428067,1.17,3,Brian Rizzo
431414,4.33,3,Randy Bell
432022,4.0,3,Albert Choi
434157,4.5,3,Fred Diehl
459044,3.83,3,Susan Maxwell
478579,3.67,3,Jeannie Moody
482661,5.0,3,Elizabeth Thurston
505310,3.67,3,Sameer Bawa
505618,4.83,3,Charene Jones
519785,4.0,3,Chjarl Du Plessis
529793,4.0,3,Jennifer Silva
533025,4.83,3,Bo Sun
537646,1.0,3,Steve Hopson
538060,5.0,3,Maher Awad
538302,4.83,3,Nicole Hurd
539082,3.5,3,Rebecca Schoenthal
539704,4.83,3,Kristin Celello
540060,4.83,3,Hedda Herrari
541829,5.0,3,Victor Cabas
543114,3.83,3,Keith Howard
554276,4.33,3,Elizabeth Herman
554285,3.0,3,Nan Xiao
564395,4.33,3,Kathleen Archer
570265,5.0,3,Jahan Ramazani
580692,5.0,3,Maria Windell
580867,4.5,3,Thomas Powers
590521,4.67,3,Heather Bolingbroke
593868,4.0,3,Celik Ozyildirim
595792,3.67,3,Kevin Skadron
604519,2.33,3,M. Rick Turner
607925,4.83,3,Barry Johnson
608102,3.83,3,David Sapir
609644,4.67,3,William Scherer
626028,4.0,3,Rei Magosaki
650737,4.67,3,Carl Zeithaml
660313,4.5,3,Alejandra Gutierrez
712184,4.83,3,Cristina Della Coletta
721950,4.17,3,Kim Hazelwood
731535,5.0,3,Jon Stoltz
734900,4.0,3,Michelle Kisliuk
749609,5.0,3,Mary Caler
752710,3.0,3,R.S. Khare
752797,4.67,3,Justin Quarry
755897,4.67,3,Colin Smith
760841,3.83,3,Jason Papin
765144,2.67,3,Mieke Brand
771591,1.0,3,Jean Bauer
772177,4.33,3,Melanie Luhn
783748,3.17,3,Renaud Pacoud
795042,3.83,3,John Havard
805212,4.67,3,Sean Sullivan
809718,5.0,3,Ulas Mangitli
810804,4.17,3,Mont Welch
824600,2.33,3,E Simmel
824812,4.67,3,Ricardo Schiavon
830342,4.5,3,Diallo Sessoms
831782,5.0,3,Matthew Pons
840717,5.0,3,Erika Chin
844075,4.83,3,Mary Stegmaier
844915,2.67,3,Kristin Jensen
850377,2.17,3,Maria Jorina
862954,4.67,3,Thomas Garvey
863776,4.5,3,Patrick Dennis
883067,4.67,3,Lily Sheehan
891773,3.67,3,Aline Charles
893480,2.83,3,Donal Day
899397,4.67,3,Giandomenico Sarolli
902737,5.0,3,Andy Nelson
903307,5.0,3,Kate Buckwalter
904594,4.33,3,Hsin-Hsin Liang
909776,4.83,3,Melissa Arellano
911342,4.67,3,Justin Snyder
914469,4.67,3,Shana Goldin-Perschbacher
915652,4.5,3,Ann Gamble
915828,4.83,3,Lucien Bass
916478,4.83,3,Ben Fagan
917492,4.5,3,Robert O'Donnell
928391,5.0,3,Zoe Stamatopoulou
928801,4.0,3,Allison Peltier
935671,4.7,3,Jeffrey Grossman
936408,3.83,3,Dayton Haugh
936791,4.33,3,Edward Abse
939261,3.5,3,Hallie Smith
952369,3.67,3,Judy Deloache
968533,4.17,3,Lisa Womack
972403,2.0,3,Anna Lim
976034,2.0,3,Pradip Sheth
976637,3.5,3,David Divalerio
978592,1.83,3,Douglas Lake
983555,4.83,3,Brannon McDaniel
990331,4.33,3,John Kasper
993989,5.0,3,Brantly Womack
997604,4.33,3,Sicoli Mark
1014829,4.83,3,Ari Blatt
1041040,4.33,3,Lydia Moyer
1043532,4.33,3,Tim Konold
1046362,4.83,3,Robert Powers
1052673,4.67,3,Paloma Visscher-Gingerich
1053351,5.0,3,Bartow Elmore
1054135,4.8,3,Stanley Trent
1056890,3.5,3,Abdulkareem Ramadan
1058289,4.83,3,Olivia Exum
1063893,4.83,3,Rob Patterson
1067317,3.83,3,Alex Purnell
1073040,4.67,3,Peter Kang
1076273,3.83,3,Meredith Higbie
1076981,4.5,3,Elaine Durand
1077922,3.33,3,Stephan De Wekker
1082322,4.67,3,Mieko Kawai
1084360,5.0,3,Catherine Sanger
1087779,4.5,3,Allison Libbey
1093238,4.33,3,Kenny Marotta
1114599,3.83,3,Rossitza Schroeder
1134671,1.67,3,Stefan Baessler
1138582,4.67,3,Jennifer Heliste
1141489,4.67,3,David Leblang
1142972,3.33,3,Juan Millian
1146030,4.67,3,Geoffrey Philabaum
1166685,3.17,3,Jason Manning
1190926,4.67,3,Janice North
1191739,4.67,3,Marcelo Fama
1198849,3.83,3,James Wilson
1209656,4.17,3,Gillian Price
1210247,2.1,3,John Lyles
1210789,2.17,3,Katherine Matson
1226667,5.0,3,Robyn Kondrad
1239407,3.0,3,Matthew Cettei
1259632,5.0,3,Shayn Peirce-Cottler
1260260,4.5,3,Mike Fedore
1273442,4.83,3,William Bennett
1273896,4.0,3,Paul Broyles
1274908,4.5,3,Christine Schott
1363089,4.83,3,Jason Hickel
1369520,5.0,3,Stephanie Doktor
1381526,4.67,3,Brian Wiltgen
1383955,3.67,3,Bill Wilhelm
1402354,2.33,3,Erin Hannegan
1413515,4.17,3,Rachel Rinaldo
1428808,3.67,3,Jann Ronis
1449012,3.5,3,Robert Kretsinger
1462283,3.67,3,William Mattson
1477421,4.67,3,Sage Morghan
1479223,2.33,3,Fatema Burhani
1480861,4.7,3,I-Ling Chien
1516932,5.0,3,Kristen Mazur
1533398,2.67,3,Steven Hendrickson
1559690,4.3,3,Kent Paschke
1562319,3.0,3,Joel Rubin
1578155,3.33,3,Timothy Schmutte
1586666,4.17,3,Harry Powell
1599986,3.7,3,Edith Lawrence
1633772,1.67,3,Ashley Rall
1643806,4.83,3,Allison Alexy
1644637,4.33,3,Ashley Williams
1661602,4.0,3,Benjamin Cooper
1716769,4.17,3,Vigen Guroian
1783980,4.33,3,Pamela Rini
1799567,4.5,3,Shiqiao LI
1803756,3.5,3,Jieran WU
1805072,1.83,3,Haibo Dong
1816823,5.0,3,Nora Benedict
1818551,5.0,3,Raphael Alvarado
1835630,4.67,3,Clifford Maxwell
1847185,5.0,3,Jacob Shirley
1860419,1.67,3,Dominick Montie
1882389,3.9,3,Greg Lewin
1904803,2.3,3,Phil Arras
1904805,5.0,3,Willis Jenkins
1917836,4.8,3,Sarah Kucenas
1922459,2.5,3,Ravindra Khare
1924452,3.17,3,Benjamin Webster
1924953,5.0,3,Peter Troyan
1940546,4.3,3,Eric Maceyko
1947566,3.5,3,Rebecca Pompano
1951673,4.33,3,Peter  Gullette
1959308,4.83,3,Yoon Kim
1963494,4.0,3,Maria Ferrara
1963499,3.5,3,Paige Hornsby
1965686,3.4,3,James Ascher
1976549,5.0,3,Christopher Ali
2008505,4.0,3,Andreas Gahlmann
2015139,4.17,3,Cara Goman
2050456,5.0,3,Shane Davis
2056564,2.0,3,Ricardo Huaman
2103517,5.0,3,Mathieu Perrot
2131810,3.7,3,Amrisha Vaish
2147094,4.7,3,Lisa Speidel
2192652,4.7,3,Jose Ortiz
2204254,5.0,3,Andrej Petrovic
2317473,5.0,3,Sean Shearer
2155,5.0,2,James Pickren
46977,5.0,2,Bonnie Hobson
50167,4.5,2,Vanessa Ochs
84126,4.25,2,Art Weltman
139870,4.0,2,Thomas Atkinson
169942,5.0,2,Carrie Wheat
171887,2.5,2,Lester Hoel
295175,5.0,2,Nicole Herz
341094,5.0,2,Elise Pugh
356508,5.0,2,Carla Green
357177,2.75,2,William Johnson
386038,5.0,2,Yoshihiro Masui
389911,2.75,2,Elisabeth Ladenson
389933,4.5,2,Josh Kueh
394921,2.0,2,Barbara Wallace
397444,3.25,2,Scott Mateer
407598,5.0,2,Jeff Vogel
421900,4.5,2,Anne Kinney
473228,5.0,2,George Garrett
502385,2.5,2,Thomas Epps
505332,3.0,2, McMillen
508603,4.5,2,Chad Wayner
517607,5.0,2,Salvador Bartera
521505,4.25,2,Norman Biel
524418,4.0,2,Cynthia Nicoletti
536408,4.5,2,Heather Maxwell
538931,3.0,2,Silvia Benvenuto
539609,2.25,2,Barry Cushman
550925,3.25,2,Peter Hook
553723,3.0,2,Lee Bidgood
568477,4.5,2,Devrim Demirel
570499,4.5,2,Laura Friedman
587470,4.25,2,Jian Chen
594595,3.0,2,Felicia Marston
596025,4.25,2,Ryan Beckland
601036,4.0,2,R. Kirk Moore
611194,4.25,2,George Thomas
621843,4.0,2,Lawrence Geodde
628998,2.75,2,Joe Garofalo
629002,4.75,2,Loren Pitt
631737,3.0,2,Steve Murphy
649891,5.0,2,Nathan Jones
650736,4.25,2,Lynn Hamilton
654095,5.0,2,Alfredo Garcia
692866,4.75,2,Wynne Stuart
700394,4.5,2,Stephanie Brown
701259,2.5,2,Sean Mullen
706458,4.75,2,Crystal Scott
706468,4.5,2,Kenneth Abraham
736744,4.5,2,William Fishback
737513,3.0,2,John Pepper
742336,3.25,2,Paul Neebe
743413,4.75,2,Christopher Gavaler
746276,5.0,2,Joley Wood
749574,5.0,2,Christopher Nichols
754498,4.5,2,Abram Ring
755892,4.5,2,Tiffany Gilbert
755899,4.75,2,Melissa Estes
759212,2.75,2,Erin Valenti
760256,4.5,2,Peggy Huang
760993,4.75,2,Lisa Goehler
761314,5.0,2,Sydney Blair
766253,4.0,2,Virginia Seamster
766254,4.25,2,Peter Rook
768828,2.25,2,Jason Castiglione
772999,4.5,2,Alex Isaacson
775468,2.5,2,Donald Kirwan
777537,5.0,2,Bethany Mabee
779830,4.75,2,Jeffrey Dill
779841,1.75,2,Huiping Cheng
783051,4.25,2,Juan Kingsley
784226,1.0,2,Brett Blackman
786966,3.0,2,Martin Herold
800282,4.5,2,Emilie Littlehales
803111,5.0,2,Scott Davis
803697,4.25,2,Jennifer Benedict
814901,5.0,2,Jaime Kurtz
825572,3.25,2,Alok Shrestha
825601,4.75,2,Kate Wood
828207,4.25,2,Charles Vaughn
832277,4.25,2,David Sigler
839140,5.0,2,Julia Mahoney
842383,5.0,2,Jennifer Patja
843968,3.25,2,Luis Medina
856003,1.0,2,Barton Craig
869218,4.5,2,Nathan Swami
872971,5.0,2,Diana Dunn
874041,4.0,2,Sarah Delgado
875516,3.75,2,Gerald Meyerle
879168,4.5,2,Amjad Tuffaha
882597,5.0,2,Kyle Lascurettes
898380,4.5,2,Kandioura Drame
900089,3.25,2,Monica Black
905509,4.75,2,Jon Zadra
909227,4.0,2,Scott Nesbit
910282,5.0,2,Stefano Grazioli
911269,4.5,2,Alix Meyer
912708,4.25,2,Kay Slaughter
913258,2.75,2,Stanley Sobottka
915405,1.0,2,Jing Yin
926172,1.5,2,Reginald Butler
926333,5.0,2,Viraj Sadarangani
928259,3.75,2,Ashley Pinkham
934303,4.5,2,Jesse Murphy
935688,4.75,2,Jessica Audet
942861,4.25,2,Victor Zottig
945427,4.75,2,Kerline Joseph
947836,5.0,2,Bobbie Robertson
948499,3.5,2,William Levy
949903,5.0,2,Preston Bannard
952368,4.75,2,Scott Selisker
957246,4.25,2,Andrew Miller
960219,4.5,2,Jason Lawrence
972360,5.0,2,Lauren Culley
977402,3.5,2,Kamin Whitehouse
988782,2.25,2,Nathan Larson
991125,1.5,2,David Kaczor
997276,4.0,2,Sudhanva Gurumurthi
997591,4.5,2,Mark Ilsemann
997929,2.5,2,Yiquan Zou
1023147,5.0,2,Hephzibah Strmic-Pawl
1024099,2.75,2,Matthew Morena
1024173,4.25,2,Frank Dukes
1024724,4.0,2,Silvia Blemker
1037359,5.0,2,David Slutzky
1040423,4.5,2,Kristi Gott
1040558,2.25,2,Yongjin Lu
1044994,4.75,2,Claire Le Goues
1045105,5.0,2,Tim Brelinski
1048321,4.5,2,Virginia Weckstein
1051087,4.25,2,Glenn Browne
1051665,3.5,2,Frederick Hitz
1062111,1.75,2,Tao Huang
1062495,4.0,2,Jon Schneider
1072292,3.25,2,Jusuf Salih
1074276,4.5,2,Gail Aw
1075188,3.0,2,Herman Wijnen
1075318,4.75,2,Stephanie Pridgeon
1077917,4.25,2,Dirk Koopmans
1077924,3.5,2,Michael Long
1081093,4.0,2,Aja Gabel
1082428,3.25,2,Craig Hayden
1083925,4.25,2,Joe Adkins
1086257,4.75,2,Hilde Restad
1086943,2.5,2,Tiandong Liu
1089734,3.25,2,Davis Brown
1093518,4.0,2,Hanadai Al-Samman
1093869,2.25,2,Paul Allaire
1099431,3.75,2,Jon Forney
1101513,4.25,2,Jerome McGann
1113670,3.5,2,Marissa Nadeau
1116717,1.75,2,Gwen Ottinger
1124557,4.75,2,Greg Jachno
1151418,4.5,2,Remy Indebetouw
1154421,4.25,2,Pete Ronayne
1175204,4.75,2,Eric Rettberg
1185685,5.0,2,Mark Parker
1190927,4.25,2,Mary Lugo
1194270,3.25,2,Nathalie Marcus
1194352,3.5,2,Jason Farr
1198030,1.0,2,Mary Niehoff
1199283,4.8,2,Akhtar Sahar
1201018,3.25,2,Sonya Donaldson
1211831,5.0,2,Telbisoglu Rasit
1221381,4.5,2,Lynn Uzzell
1223953,3.5,2,Ariell Reshef
1226385,2.5,2,Peter Ochs
1239813,4.5,2,Charlie Murry
1250869,4.0,2,Fan Mai
1254116,5.0,2,Natasha Foutz
1269987,4.5,2,Joe Johnson
1271846,5.0,2,Richard Price
1280029,3.25,2,Ralph Allen
1280564,3.75,2,Paul Landefeld
1280572,3.75,2,Robert Troy
1299562,5.0,2,Robb McCollum
1301140,2.75,2,Brian Dudley
1318043,1.5,2,Andrea Heald
1319651,5.0,2,Sarah Bishop
1335012,5.0,2,Maya Barolo-Rizvi
1335064,2.0,2,Hector Amaya
1351964,4.5,2,Caroline Gates
1356051,1.75,2,Phil Best
1357594,4.8,2,Madigan Haley
1363223,4.75,2,Paul Nedelisky
1365215,4.25,2,Peter Arnold
1365241,2.0,2,Robert Hirosky
1380886,4.0,2,Amy Jacobs
1380914,3.25,2,Dominic Dizinno
1383085,4.5,2,Sean Droms
1383178,4.0,2,Elizabeth Spearing
1395956,4.75,2,Chris Bell
1398273,4.75,2,Kenneth Stroupe
1401172,3.0,2,Robert Stolz
1401445,5.0,2,Maria Guarino
1410505,2.75,2,Christopher Sprigman
1420248,4.5,2,John Lyons
1423735,4.25,2,Bryan Cwik
1431849,4.0,2,Zach Moller
1450253,3.75,2,Corin Fox
1454869,3.75,2,Frederico Marcon
1458153,4.75,2,Rachael Bishop
1465533,4.0,2,Lisa Goff
1480856,5.0,2,Jeremiah Russell
1483957,4.25,2,Alla Hassan
1493001,3.25,2,Andres Clarens
1507348,3.25,2,Yingling Bao
1518573,4.5,2,Paul Rosenstein
1556011,4.75,2,Chelsea Skalak
1565433,4.75,2,Francesco Matucci
1574723,4.5,2,Andrew Cronacher
1579428,4.25,2,Alireza Korangy
1582671,4.0,2,Katell Bourhis
1602959,5.0,2,Beverly Supler
1605727,4.0,2,Ching Ling Teng
1617540,4.0,2,Jülide Etem
1623424,2.5,2,Adam Lees
1643371,2.5,2,Kimberly Kelly
1652255,2.25,2,Anne Lleywellyn
1653462,1.0,2,Aleksandr Morgan
1662490,4.25,2,Elizabeth Ott
1665065,4.75,2,Jon Grinspan
1669315,4.0,2,Amanda Sigler
1673604,4.25,2,Sophie Trawalter
1685894,5.0,2,Patrick Fleming
1691650,4.0,2,Kenrick Grandison
1691843,5.0,2,H Amid Tavakolian
1699073,4.0,2,Filip Loncke
1716542,3.5,2,Mor Katz
1731189,2.75,2,Martin WU
1733748,3.5,2,Stefano Verga
1745837,3.5,2,Arsalan Khan
1755147,3.0,2,William Harrop
1774564,1.75,2,Samuel Duncan
1785337,2.0,2,Holly Bell
1786157,2.5,2,Jung Kim
1788409,3.0,2,Gretchen York
1792116,3.0,2,Keith Leitmeyer
1807527,1.3,2,Stephen Hardy
1814308,3.5,2,Michael Pace
1815444,2.25,2,Benjamin Bennett
1815451,4.8,2,Erin Lambert
1822495,4.75,2,Claire Climer
1822956,3.0,2,Mariusz Kolczykiewicz
1830297,4.5,2,Robert Group
1835520,4.25,2,Ani Tramblian
1838287,4.75,2,Elisabeth Schettle
1843780,5.0,2,Esperanza Jarque
1877592,1.25,2,Katherine Holcomb
1882728,5.0,2,Andre Cavalcante
1883423,4.5,2,Lisa Shutt
1896633,5.0,2,Shea Handa
1913484,5.0,2,Michael Spiegel
1930117,4.25,2,Richard Lindgren
1934674,4.75,2,Maria Serkin
1941731,4.25,2,Francesca Calamita
1943906,5.0,2,Paul Bourdon
1944649,1.25,2,Lennart Meier
1958390,4.75,2,Tony Boese
1967796,4.3,2,Grace Reynolds
1970187,4.5,2,Christopher Hafen
1974170,4.5,2,David Edwards
1998158,3.0,2,Sarah Milov
1999410,4.75,2,Stella Mattioli
2017113,5.0,2,Nathan Brunelle
2026644,4.5,2,Mary Middleton
2051028,4.0,2,Thomas Klubock
2052323,5.0,2,Jonathan Simone
2054952,4.3,2,Derek Cavens
2055192,1.3,2,Daniel Nkemzi
2074191,3.5,2,Christy McFarland 
2074199,5.0,2,Janet Horne
2085082,5.0,2,Patricia Jennings
2085219,4.5,2,Chris Yung
2089044,5.0,2,Diana Galarreta Aima
2108434,5.0,2,Nicole Bonino
2153678,4.5,2,Michael Lawrence
2172486,5.0,2,Lova Rajaonarisoa
2177067,3.0,2,Spencer Leonard
2177070,5.0,2,Maurice Wallace
2191423,4.5,2,Doug Meyer
2191431,5.0,2,Whitney Bevill
2197810,4.5,2,Lilian Feitosa
2197821,3.5,2,Edith Clowes
2215733,4.5,2,Elizabeth Groff
2242462,3.5,2,Rebecca Hehn
2244471,4.5,2,Alan Taylor
2245778,3.0,2,Michael Lee
2268632,3.0,2,Axel Saenz-Rodriguez
2278804,5.0,2,Trig Johnson
2279702,5.0,2,Michael Allen
2284834,4.0,2,Michael Dhyne
2285991,5.0,2,Swartz Lana
2300599,2.0,2,Deepyaman Maiti
2307748,2.5,2,Lyais Ben Youssef
2318036,1.5,2,Joshua Mound
2321047,2.0,2,Mukundan Vivek
2342486,5.0,2,Karl Miller
2362808,5.0,2,Sajedeh Hosseini
2366593,4.5,2,Linda Columbus
2368167,4.5,2,Sylvia Tidey
2401990,1.0,2,Hongning Wang
2411856,5.0,2,Jue Liang
285545,5.0,1, Dunham
321601,1.0,1,John Elder
384166,5.0,1,Eric Song
449992,5.0,1,Jack Dorning
503028,5.0,1,Avan Baban
586453,5.0,1,Gerald Clore
634497,4.5,1,John Harris
645831,3.5,1,Melvin Wilson
646589,5.0,1,William Wood
647036,4.5,1,Eleanor Henderson
649606,3.5,1,Leah Renold
650313,2.5,1,Haley Hasler
651433,4.5,1,David Richardson
660233,4.0,1,Greg Gerling
697470,3.5,1,Virginia Casanova
712384,5.0,1,Michael Alexander
715703,4.5,1,Andrew Kennedy
723217,5.0,1,Poodoo Rich
733693,1.0,1,Mark Nevin
743963,5.0,1,Michael Schill
749556,5.0,1,Welsh John
750050,4.5,1,Michael Devore
752082,4.0,1,Michael Cowan
755567,4.0,1,Alex Checkovich
757459,4.0,1,Bushra Hamad
768603,5.0,1,Evren Savci
775941,5.0,1,Linh Nguyen
778271,1.0,1,Phillip Hastings
779643,4.0,1,Rebecca Crisafulli
780121,4.0,1,Sara Dietzman
785920,5.0,1,Rebecca Yurman
787598,1.0,1,Becky Zhou
800979,5.0,1,Rachel Stauffer
803978,3.0,1,Liliana Perkowski
806381,5.0,1,Amanda Stewart
809900,2.0,1,Sidney Bostian
812592,4.5,1,John Miller
813511,5.0,1,Mark Hanson
814924,5.0,1,Erin Whitchurch
815492,4.0,1,Mary Jo Hatch
823868,4.5,1,Bob Marsh
831931,5.0,1,Hasan Demir
836605,5.0,1,Caroline Durand
851853,5.0,1,Rebecca Dillingham
853006,5.0,1,John Quale
853543,2.0,1,Christina Murray-Krezan
854949,4.5,1,Lee Manion
858429,4.5,1,Richard Netemeyer
858432,4.5,1,Barb Wixom
865277,5.0,1,Gerard Learmonth
865852,5.0,1,Michael Doran
882095,5.0,1,Chris Moskaluk
889719,4.5,1,Simone De Colle
906277,5.0,1,Rhyannon Berkowitz
912577,4.0,1,Phyllis Leffler
912709,5.0,1,Elyssa Van Osten
915404,2.5,1,Daniel Carroll
915651,4.5,1,Kien Trung Le
917052,4.5,1,Marie Shoffner
919285,4.5,1,Patrick McKeon
919876,5.0,1,David Morris
925927,4.0,1,Daniel Hedden
928751,5.0,1,Kate Adamson
928800,2.5,1,Ariel Kumpinsky
930460,3.5,1,Adam Jortner
933567,5.0,1,Joseph Strzepek
936113,5.0,1,Ben Synder
939920,4.5,1,Evangeline Deaton
940257,5.0,1,David C Smith
940981,5.0,1,Kate Lakin
941037,4.0,1,Megan Huffman
941974,4.5,1,Susan Schasse
946538,5.0,1,Rebecca Kneedler
947532,4.0,1,Mary Kristen Taylor
951991,3.5,1,Robert Duncan
952853,4.0,1,Greta Miller
959887,2.0,1,Nina Mishra
960551,2.5,1,Martin Ohman
962143,5.0,1,Julianna Gallarado
970913,4.5,1,Uma Radhakrishnan
972359,5.0,1,Sierra Bellows
972364,5.0,1,Michelle Cuevas
973508,2.5,1,Holly Shulman
978366,5.0,1,Robert Morse
980839,4.0,1, Wiberg
984380,4.5,1,Morgan Myers
987441,5.0,1,Patrick Bradshaw
990033,4.0,1,Laura Stokes
990048,5.0,1,Blakeley Winslow
991411,3.0,1,Hong Kong
994480,3.0,1,Gabriel Murtaugh
997600,1.5,1,Catherine Tyler
1009149,2.5,1,Patrice Grimes
1013571,3.0,1,Chorthip Utoktham
1014555,4.5,1,Lixin Wang
1016536,5.0,1,April Richardson
1029432,5.0,1,Harold Fudge
1030490,4.0,1,David Franz
1042952,5.0,1,Erica Perkins
1044397,5.0,1,Elizabeth Erickson
1049809,5.0,1,Edward Stelow
1052858,5.0,1,Aaron Moore
1056618,4.0,1,Derek Webb
1057368,3.5,1,Bill Johnson
1062650,5.0,1,Sarah Campbell
1073965,5.0,1,Barbara Oudekerk
1074921,2.0,1,Rachel Schuldenfrei
1075964,3.0,1,Bruce Hayden
1077963,5.0,1,David Hondula
1081005,1.5,1,Liangliang Duan
1085090,2.0,1,Aaron Wall
1105965,1.5,1,Mark Rylander
1118028,4.5,1,Kulwant Rai
1118425,4.5,1,Shannon Anderson
1120584,2.5,1,Jason Konik
1120669,4.5,1,Dave Roth
1128101,5.0,1,George Clark
1131203,5.0,1,Caitlin McLeod
1140983,4.5,1,Michael McKenna
1144586,4.0,1,William Hall
1146029,5.0,1,Allison Robbins
1147883,4.0,1,Barry Horowitzt
1148255,1.5,1,Micheal Krepon
1153405,3.5,1,John Yates
1160550,1.0,1,Douglas Mulliken
1173249,4.5,1,Laura Rikard
1180264,3.5,1,Karliana Zakas
1180695,4.0,1,Elise Harrison
1181520,2.0,1,Carmen Pavel
1191218,5.0,1,Randi Lewis
1191222,5.0,1,Natalie Broadnax
1192038,1.0,1,Marcel Utz
1194825,4.5,1,Timothy Duffy
1196240,2.0,1,Max Gross
1198204,1.5,1,Para Karuppuchamy
1202706,1.5,1,Tarun Jain
1215326,4.5,1,Rebecca Rine
1215514,4.0,1,Jinkui Wan
1216843,2.5,1,George Van Cleve
1221446,5.0,1,Helen McLaughlin
1222664,5.0,1,Jessica Barrett
1225898,2.5,1,Sarah Herbert
1226074,1.0,1,Thomas Ridenhour
1226668,3.5,1,Carolyn Palmquist
1227949,1.5,1,Tomasz Zajaczkowski
1233309,5.0,1,Lawrence Goedde
1239397,4.5,1,Todne Thomas
1240223,5.0,1,Matthew Ducker
1241962,3.0,1,Susmita Roy
1243725,5.0,1,Chris Husser
1245008,5.0,1,Gauri Shastry
1271223,1.0,1,Christina Wright
1273364,1.0,1,Jay Liu
1274405,5.0,1,Theresa Davis
1274789,4.5,1,James Fulks
1276468,5.0,1,Robert Horne
1281243,1.0,1,Michael Wiener
1286085,3.5,1,Zongyi Gong
1287061,5.0,1,Andrew Yeagley
1296382,5.0,1,Emily Sandberg
1297600,5.0,1,Ann Githinji
1299561,5.0,1,Daniel Gingerich
1306848,2.0,1,Suzanne Wentworth
1309237,5.0,1,Mary Hicks
1309290,3.0,1,Reed Nessler
1310596,4.0,1,Richard Bishop
1310617,5.0,1,Karen Firehock
1320242,5.0,1,Jessica Danziger
1321547,5.0,1,Ryan McDermott
1328594,4.0,1,Timothy Hopper
1338712,5.0,1,Blanche Conger
1341225,4.0,1,Anthony Byers
1341417,5.0,1,Thomas Costa
1341739,5.0,1,Elenor Wilson
1354002,5.0,1,Hedda Harari-Spencer
1361779,4.0,1,Kate Willcutts
1364858,3.5,1,Miral Mahgoub
1364939,3.0,1,Brandon Yoder
1369873,1.0,1,Rebecca Skinner
1390133,4.5,1,Erica Alemdar
1398762,5.0,1,Adrienne Ward
1400458,1.0,1,Prista Ratanapruck
1403462,5.0,1,Jeff Decker
1417124,4.0,1,Aminur Rahman
1427042,1.0,1,Frank Deviney
1432486,4.0,1,Suzanne Moomaw
1433112,4.5,1,Stephen MacEkura
1443571,4.0,1,Renate Voris
1445592,3.0,1,Adrian Brettle
1469653,1.0,1,Karen Walker
1486646,4.0,1,Dominic Scott
1487421,5.0,1,David Strohl
1489760,5.0,1,Emma Solberg
1493426,4.5,1,Molly Scudder
1494907,4.5,1,Camille Tand
1496116,4.0,1,Randy Cogill
1499158,5.0,1,Rujira Chaysiri
1511770,5.0,1,Cecilia Llompart
1520006,1.0,1,Jeffrey Holmes
1521622,5.0,1,Jennifer Hettema
1521644,4.5,1,Christie Robinson
1525747,4.5,1,Jeff Crandall
1530873,4.0,1,Jennifer Middlesworth
1537929,5.0,1,Fanny Gusciglio
1540093,4.5,1,Thomas Taylor
1552775,5.0,1,Zach Ludington
1555473,5.0,1,Jon Walter
1561331,4.5,1,Edmund Brodie
1566441,4.5,1,Rachel Mann
1571311,4.5,1,Erich Merkel
1575187,5.0,1,Ben Snyder
1578533,5.0,1,Jesse Kluver
1584884,4.5,1,Simon Anderson
1599982,4.5,1,Miled Faiza
1599989,2.5,1,Dalia Rosenfeld
1615406,2.0,1,Scott Slinker
1631110,5.0,1,Constance Baltera
1633440,4.5,1,Daniel Dobbs
1646317,5.0,1,Jacob Pease
1647503,4.5,1,Casey Ostien
1654765,2.5,1,Martha Saunders
1655571,5.0,1,Christel Wohlafka
1656849,4.5,1,Thummaros Rugthum
1660521,4.0,1,Claire Timperley
1664641,2.5,1,James Wyckoff
1673601,5.0,1,Yimu Sun
1677566,5.0,1,YI Feng
1685665,4.5,1,Daniel Chavez
1689183,5.0,1,Thomas Bloom
1702411,5.0,1,Matt Motyl
1709366,2.0,1,Michael Kubovy
1709924,4.5,1,Jason Saunders
1721584,4.0,1,Zhaohui Chen
1722224,2.5,1,Matthew Bowen
1722999,4.5,1,Paul Diver
1734751,5.0,1,Victoria Valdes
1735702,3.5,1,Christopher Lefler
1738228,4.5,1,Michael Long
1739984,4.5,1,Earl Mark
1746348,3.0,1,Evan Wolfe
1747288,5.0,1,Lauren Klos
1755159,5.0,1,Carol Spreen
1755746,4.5,1,Slavica Jakelic
1776872,5.0,1,David Corlett
1779192,4.0,1,Mallory Monaco
1781848,4.5,1,Katelyn Sack
1785419,4.5,1,Megan Hess
1797120,4.0,1,Greg Solano
1808579,5.0,1,Debra Nystrom
1818528,5.0,1,Alexander Schiller
1830432,3.5,1,Amanda Kibler
1831148,4.0,1,Jennifer Greeson
1836331,5.0,1,Ruth Buck
1842092,1.0,1,Marcelle Khoury
1853816,1.5,1,Cindy Bernard
1855486,4.5,1,Sara Omar
1856883,4.5,1,David Woody
1858631,2.0,1,Noel Stringham
1860161,4.0,1,Tianshu LI
1860230,5.0,1,Barbara Bernstein
1860253,5.0,1,Audrey Hite
1861035,4.5,1,Ryan Johnson
1864789,2.0,1,Amber Tomas
1868222,5.0,1,Jennifer Barlow
1871990,4.5,1,Paula Sprague
1884447,3.0,1,Christopher Ruhm
1890039,3.0,1,Christian McMillen
1890046,1.0,1,David Joubert
1894506,1.0,1,James Howe
1894967,1.0,1,Deena Hurwitz
1895210,2.5,1,Rennie Mapp
1897759,5.0,1,Kyle Hughes
1905695,5.0,1,James Burns
1909153,4.5,1,Brenda Castaneda
1932319,5.0,1,Tina Stanton-Chapman
1935295,5.0,1,Willa Brown
1941025,5.0,1,Austin Hetrick
1944333,4.0,1,Elena Neascu
1945312,4.0,1,Dilara Serhat
1951527,3.0,1,Dan Duke
1960957,5.0,1,Monica Ehrlich
1961329,4.0,1,Fotini Kondyly
1967791,4.0,1,Patricia Sullivan
1969591,5.0,1,Amanda Davis
1988034,5.0,1,Robin Dripps
1996420,4.0,1,Paul Pitman
1998127,4.0,1,Dana Ollestad
1999368,4.0,1,Matt Scroggs
2000541,5.0,1,Keith Driver
2001666,5.0,1,Aaron  Castroverde
2002125,5.0,1,John Barr
2006766,5.0,1,Timo von Oertzen
2015444,3.5,1,Peter  Ronayne
2023021,1.0,1,katie bray
2026798,2.0,1,Cristina Llado Mor
2032834,5.0,1,Robert Guttman
2036664,4.0,1,Courtney Evans
2039764,5.0,1,Robert Emery
2046840,5.0,1,Marvin Campbell 
2052325,3.0,1,Jim Cohoon
2055291,4.0,1,Michael Caires
2060186,4.5,1,Mary Smith
2072387,4.0,1,Kevin Grise
2081394,3.0,1,Kathleen Weston
2084626,4.0,1,Lara Musser
2086195,4.0,1,Daniel Franz
2086225,3.5,1,Heather Kiser
2094969,4.0,1,Mike Reeks
2095577,4.5,1,Jessica Curran
2102308,5.0,1,Christina Mobley
2107984,3.5,1,Melissa Hurst
2112426,5.0,1,Nasser Meerkhan
2114331,4.0,1,Adam Slez
2134566,1.0,1,Luis Nunez
2134568,5.0,1,Aseel Farhat
2135830,5.0,1,Christa Robbins
2140126,5.0,1,Philip Potter
2148850,1.0,1,Peter Kasson
2154236,5.0,1,Karen James
2162967,5.0,1,Sandro Puiatti
2162971,4.0,1,Lee Bloch
2168753,4.0,1,Jen Pease
2169566,2.0,1,Brian Thomas
2195430,5.0,1,Elizabeth McCord
2197825,5.0,1,Loreto Martínez-Eiroa
2198471,5.0,1,John Roper
2198931,5.0,1,Tanner Welsh
2203158,3.0,1,Kathryn Schetlick
2208108,5.0,1,Debbie Roach
2210407,4.0,1,Phoebe Crisman
2217734,4.0,1,Abir Abyad
2219612,5.0,1,Xiang Wan
2220516,5.0,1,Filip Lonke
2220782,1.0,1,Chris Buchanan
2227283,4.0,1,Susan Saliba
2229158,5.0,1,Kevin Scahill
2229191,1.0,1,Joseph Zehner
2229248,5.0,1,Daniel Vargas
2239712,5.0,1,Jacob Resch
2240621,5.0,1,Fan Gao
2246307,5.0,1,Elyssa Dunfee
2252012,5.0,1,Charles Sackett
2259859,4.0,1,Stephanie Ceraso
2273390,5.0,1,Jose Ortiz-Rosario
2284833,5.0,1,Landis Grenville
2295180,3.0,1,Rebecca Levy
2298593,5.0,1,Miyabi Goto
2306489,4.0,1,Charity Fowler
2313326,5.0,1,Stephen Hequembourg
2315819,5.0,1,Atsushi Yoshida
2320416,5.0,1,Matthew Davis
2320434,3.0,1,Michael Rahilly
2321497,5.0,1,Robin Sarkin
2324930,5.0,1,Tisha Hayes
2326661,3.0,1,Travis Pickell
2335514,5.0,1,Xingguo Huang
2337889,1.0,1,Keivan Esfarjani
2338193,1.0,1,Beth Epstein
2338921,1.0,1,Astrid Ochoa Campo
2344354,5.0,1,John Casteen
2346522,5.0,1,Meiqin Li
2352315,5.0,1,Amanda Krehbiel
2354144,5.0,1,Alicia Frantz
2356346,5.0,1,Jorge Pizarro
2356349,5.0,1,Jaime Sanz
2363918,5.0,1,Cristina Griffin
2372283,4.0,1,Benjamin Romero Salado
2375177,1.0,1,Jeffrey Leopold
2380414,5.0,1,Sonam Kachru
2382407,1.0,1,Sean Duncan
2391236,1.0,1,Angela Orebaugh
2395712,5.0,1,Christopher Mazurek
2401646,4.0,1,Thomas Smith
2404777,4.0,1,Madhur Behl
2416512,2.0,1,Crystal Chemris
2420691,1.0,1,Pritpal Kochar
298412,0.0,0, Gordo
333517,0.0,0,Kelly Erickson
341087,0.0,0,Brent Cody
346240,0.0,0,Mendy Gladden
394060,0.0,0,Seoyeon Choi
403049,0.0,0,Dexter David
442763,0.0,0,Johnson Bruce
446569,0.0,0,T.H. Adamowski
448738,0.0,0,Kim Roberts
451183,0.0,0,Beth Freeborn
484304,0.0,0,Sharon Hays
502371,0.0,0,Raphael Galinanes
557711,0.0,0,Liz Amory
588863,0.0,0,Joseph Davis
603112,0.0,0,Han Gyul Yi
606707,0.0,0,Theresa Pizarro
636262,0.0,0,Alexander Christensen
649921,0.0,0,Ashley Deihr
690733,0.0,0,Michael Wheeler
733793,0.0,0,Steven Kepnes
750034,0.0,0,Arlene Yuan
750047,0.0,0,Sharon Utz
764204,0.0,0,Caugetti Marco
771428,0.0,0,Thomas Skalak
783286,0.0,0,Steven Majewski
805236,0.0,0,Anamaria Mutis
828048,0.0,0,Charles Perdue
866238,0.0,0,Kyoko Kobayashi
882393,0.0,0,John Griffin
900279,0.0,0,Dave Topper
912589,0.0,0,Jane Cook
939878,0.0,0,Marcia Invernezzi
949215,0.0,0,Louis-Dominique Dubeau
950188,0.0,0,Heather Burns
950878,0.0,0,Alex Hanway
951279,0.0,0,Jeff Carpenter
953174,0.0,0,Doris Glick
968446,0,0,Barbara McClure
977253,0,0,Thomas Guterbock
1054836,0.0,0,Anne Gregory
1059724,0.0,0,Samalaulu Parnther
1063317,0,0,Emily Filler
1079392,0.0,0,Z'Etoile Imma
1120793,0,0,William Murrah
1129621,0,0,Lindsay Dierkes
1130826,0,0,Park Young Joon
1142366,0,0,Deborah Dubiner
1179148,0,0,Morgan Moyer
1187172,0.0,0,Charles Marsh
1197255,0.0,0,Juan Martiniz Millan
1199282,0,0,Kadlac Adam
1203398,0.0,0,Tim Pfeuffer
1203419,0.0,0,Matthew Clayton
1213861,0,0,Njoki Osotsi
1213863,0,0,Felistas Osotsi
1217059,0,0,Marianne Baernholdt
1222481,0,0,Jenny Johnson
1231508,0,0,Alan Balogna
1233308,0,0,Melissa Ragain
1241367,0,0,Lavahn Hoh
1257453,0,0,Joe Ortiz
1268980,0,0,Bascom Deaver
1271048,0,0,Sara Kaufman
1271049,0,0,Sara Rimm
1271386,0,0,Karen Farber
1273801,0,0,Owryilbers Owryilbers
1295532,0,0,Jennifer Bemis
1297094,0,0,Gabriel Hankins
1305867,0,0,William Hudson
1309238,0,0,Rachel Pierce
1309363,0,0,Andrew Jennison
1322848,0,0,Joanne Pinkerton
1330512,0,0,Tomasz Kabzinski
1333188,0,0,Matt King
1345122,0,0,William Wulf
1345723,0,0,Heather Bowlby
1359079,0,0,Susan Del Gobbo
1363420,0,0,Michelle Garber
1364892,0,0,Russell Riley
1364941,0,0,Paloma Visscher
1373944,0,0,Jennifer Petersen
1375837,0,0,Mike Valdwin
1376747,0,0,Michael Fontaine
1384401,0,0,Daniel Hallahan
1385575,0,0,Robin Young
1398688,0,0,David Diaz
1398912,0,0,Halil Ibrahim Yenigun
1398989,0,0,Austen Lamacraft
1399250,0.0,0,Susan Porter
1402804,0,0,Karen Ahern
1405990,0.0,0,Kristina Meshelski
1414261,0,0,Memory Peebles
1420700,0.0,0,Elizabeth Tenney
1439860,0,0,Kirstin EK
1447184,0,0,Justin Rose
1450254,0,0,Robert Bergdorf
1466434,0,0,R. Craig Wood
1469241,0,0,Angela Nemecek
1476354,0,0,Letitia Green
1477018,0,0,Penny Bowles
1480859,0,0,Charles Flynn
1488529,0,0,Karen McGlathery
1493227,0,0,Jared Harris
1495106,0,0,Andrew Guffey
1496878,0,0,Andrew Beer
1511450,0,0,Braxton Sherouse
1526737,0,0,Bethany Sharb
1564156,0,0,Robert Brian Siebeking
1574410,0,0,Lucas De_carvalho
1584534,0,0,Ana Evans
1591064,0.0,0,Randall Robey
1621654,0,0,Eric Martin
1644926,0,0,Kelly Colleen
1652648,0.0,0,Jenny Clay
1657481,0.0,0,Tonya Moon
1657561,0,0,Melissa Nelson
1666796,0.0,0,Kendra Hamilton
1674491,0.0,0,Philip Shane
1675209,0.0,0,Moonjung Choi
1684650,0,0,Christopher Caterine
1687488,0.0,0,Kara Fitzgibbon
1687711,0,0,Darcy Crocker
1689180,0,0,Maria Adelmann
1709187,0.0,0,Brita Rowe
1723000,0.0,0,Manuel Lopez
1723625,0,0,Gerald Starsia
1725079,0,0,Jason Knapp
1752013,0,0,Micheal Vitz
1779846,0.0,0,Asli Senkal
1783112,0.0,0,Andrew Barr
1787392,0.0,0,Robert Toplin
1795521,0.0,0,Meti Ksi-Ona
1798455,0.0,0,piotr kosicki
1802179,0,0,Michael Schuman
1814172,0.0,0,Yixin Sun
1815991,0,0,Joanne McNergney
1822957,0.0,0,Raju Huidrom
1831153,0,0,Rachel Perry
1832015,0,0,Aaron Criss
1835698,0,0,Bryce Terwilliger
1838439,0,0,Brian Richter
1861819,0,0,Rafael Richardson-Carillo
1881528,0.0,0,Karolin Moellmann
1899324,0.0,0,Elizabeth Taliaferro-Jones
1919790,0,0,Andrew Burkhardt
1920997,0,0,Janice Redinger
1921431,0.0,0,James Hunter
1922400,0,0,John Jenkins
1929767,0,0,Rachele Perry
1949247,0,0, Carolyn  Callahan
1953545,0,0,Sara Dexter
1953548,0,0,Pamela Tucker
1968082,0,0,joe Campbell
1969516,0,0,William Soffa
1976525,0,0,Aynne Kokas
1980146,0,0,Jennifer Burstein
1983922,0,0,Heidi Schramm
1995298,0,0,Nathaniel Lee
1999408,0,0,Stella Matiolli
2002124,0,0,David Nagle
2002127,0,0,John Davidson
2002128,0,0,Benjamin Ackerly
2002130,0,0,Rip Verkerke
2002131,0,0,Waugh Crigler
2002134,0,0,Lane Kneedler
2002136,0,0,Mark Christie
2002138,0,0,John Cook
2002140,0,0,Benjamin  Spencer
2002141,0,0,Molly Shadel
2002142,0,0,Douglas Laycock
2002143,0,0,Douglas Leslie
2002144,0,0,Stephen Braga
2008599,0,0,Kateri Dubay
2009496,0.0,0,Scott Miller
2017330,0.0,0,Kate Duvall
2023065,0.0,0,Charlie Clark
2032006,0,0,Adam Tiller
2038744,0,0,Michael Gallmeyer
2041854,0.0,0,Whitney Sheppard
2044208,0.0,0,James Glenn
2058714,0.0,0,Nitya Kallivayalil
2063522,0,0,Tierre Sanford
2065189,0.0,0,Jonathan Barker
2065485,0,0,Caroline Kelsey
2077436,0,0,Morela Hernandez
2078325,0,0,Saikrishna Prakash
2088672,0,0,Elizabeth Hall
2095316,0,0,Geoffrey Geise
2110741,0,0,Cynthia Tong
2112154,0,0,Emily Blout
2119047,0,0,Schaeffer Somers
2125168,0,0,Yen Do
2134569,0,0,Kelsey Goodin
2147040,0,0,Erik Harrington
2153285,0.0,0,Baoxing Xu
2154192,0,0,Paul Halliday
2154966,0.0,0,Osman Ozbulut
2159009,0,0,Giancarlo Rolando
2168755,0,0,Katie Loftin
2169606,0,0,Amanda Phillips
2176741,0,0,Valencia Grice
2178404,0.0,0,Josh White
2180039,0,0,Jeff Jenkins
2181842,0,0,Kong-Cheng Wong
2182623,0,0,Alex Cowan
2184683,0.0,0,Sybille Kranz
2187265,0,0,Sahar Ahktar
2189635,0,0,John Miller
2192426,0,0,Noelle Hurd
2207682,0,0,Ira Harris
2209865,0,0,Francesco Di Plinio
2215850,0,0,Marina Omar
2237221,0,0,Sebastian Tello-Trillo
2243084,0,0,Jennifer Munson
2251855,0,0,Melvyn Leffler
2267595,0,0,David O'brien
2274903,0.0,0,Rohit Rustagi
2276071,0.0,0,Montserrat Tat Bonhevi
2280636,0,0,Dorothy Schafer
2286470,0,0,Janet Spittler
2290189,0,0,Dionte Harris
2297730,0,0,David Flood
2306108,0,0,April Salerno
2308667,0,0,John Casey
2310093,0,0,Gaurav Giri
2317220,0,0,John Hossack
2326655,0,0,Loreto Romero Martinez
2335558,0,0,Joel Baumgart
2338629,0,0,Mark Plant
2338851,0,0,Kathleen Flake
2338881,0,0,Vivien Chabalengula
2345069,0,0,Ian Runnels
2348273,0,0,Nada Basit
2351329,0,0,Megan Ryals
2352329,0,0,Song Hu
2354145,0,0,Ku-Lung Hsu
2364879,0,0,Caitlin Steiner
2372687,0,0,Andrew Morgan
2373241,0,0,Alan Bergland
2377636,0,0,Kimberly Arena
2386396,0,0,Colleen O'Neill
2389379,0,0,Sana Abdi
2389773,0,0,Mohammad Mahmoody
2390178,0,0,Liza Flood
2391688,0,0,Charles Kelly
2391883,0,0,Beverly Adams
2392132,0,0,Frank Warnock
2393427,0,0,Hiromi Kaneda Kaneda
2394218,0.0,0,Kim Brooks Mata
2394353,0,0,Stefan Lund
2394637,0,0,David Murillo
2394801,0,0,Dorrie Fontaine
2396070,0.0,0,Sergei Egorov
2396241,0,0,Bridget Reilly
2398576,0,0,Sreerekha Sathiamma
2398951,0,0,Franziska Oertle
2400847,0,0,Christopher Leonard
2400850,0,0,Michelle Beavers
2401628,0,0,Karl Pfefferkorn
2402179,0,0,Tyler Ludwig
2404887,0.0,0,Krista Varanyak
2406557,0,0,Stacie Thyrion
2406947,0,0,Gabrielle Adams
2411378,0,0,Maria Aranguren
2412402,0,0,Peter Schauss
2413003,0,0,Oscar Hernandez
2415090,0,0,Paul Guest
2415769,0,0,Jinbo Ren
2416134,0,0,Daniel Moore
2420005,0,0,Kirk Martini
2420197,0,0,Emily Lawson
2420872,0.0,0,Panagiotis Apostolellis
2421790,0,0,Zachary Stone
2426056,0,0,Pankaj Vir Gupta
